SALE TYPE,SOLD DATE,PROPERTY TYPE,ADDRESS,CITY,STATE OR PROVINCE,ZIP OR POSTAL CODE,PRICE,BEDS,BATHS,LOCATION,SQUARE FEET,LOT SIZE,YEAR BUILT,DAYS ON MARKET,$/SQUARE FEET,HOA/MONTH,STATUS,NEXT OPEN HOUSE START TIME,NEXT OPEN HOUSE END TIME,URL (SEE http://www.redfin.com/buy-a-home/comparative-market-analysis FOR INFO ON PRICING),SOURCE,MLS#,FAVORITE,INTERESTED,LATITUDE,LONGITUDE
PAST SALE,October-20-2017,Single Family Residential,7602 Barberton Dr,Houston,TX,77036,198000,3,2.0,Sharpstown Sec 05,1678,8400,1962,1320,118,19,Sold,,,http://www.redfin.com/TX/Houston/7602-Barberton-Dr-77036/home/30134065,HARMLS,36479989,N,Y,29.6987034,-95.5212766
PAST SALE,November-3-2017,Single Family Residential,7146 Harmony Cv,Houston,TX,77036,210000,2,2.5,Windwater Village At Regency,1480,1700,2000,1306,142,273,Sold,,,http://www.redfin.com/TX/Houston/7146-Harmony-Cv-77036/home/30699714,HARMLS,62975604,N,Y,29.7142636,-95.5083249
PAST SALE,September-6-2019,Single Family Residential,7123 Harmony Cv,Houston,TX,77036,237000,3,2.5,Windwater Village At Regency,1848,2066,2000,634,128,287,Sold,,,http://www.redfin.com/TX/Houston/7123-Harmony-Cv-77036/home/30696060,HARMLS,6536830,N,Y,29.7140218,-95.5076282
PAST SALE,May-14-2021,Single Family Residential,8802 Rowan Ln,Houston,TX,77036,185000,4,2.0,Sharpstown Country Club Terrac,2140,9560,1963,18,86,,Sold,,,http://www.redfin.com/TX/Houston/8802-Rowan-Ln-77036/home/30163763,HARMLS,68631507,N,Y,29.7007504,-95.5392743
PAST SALE,January-8-2019,Condo/Co-op,7520 Hornwood Dr #1107,Houston,TX,77036,78000,2,2.0,Sussex Condo The,871,,1966,875,90,317,Sold,,,http://www.redfin.com/TX/Houston/7520-Hornwood-Dr-77036/unit-1107/home/30447534,HARMLS,79965256,N,Y,29.7111088,-95.517485
PAST SALE,February-14-2019,Condo/Co-op,7520 Hornwood Dr #1504,Houston,TX,77036,82000,2,2.0,Sussex,1178,,1966,838,70,400,Sold,,,http://www.redfin.com/TX/Houston/7520-Hornwood-Dr-77036/unit-1504/home/30447573,HARMLS,37108106,N,Y,29.7111088,-95.517485
PAST SALE,November-22-2019,Condo/Co-op,7510 Hornwood Dr #305,Houston,TX,77036,85000,2,2.0,Sussex Condo East,1109,,1966,557,77,422,Sold,,,http://www.redfin.com/TX/Houston/7510-Hornwood-Dr-77036/unit-305/home/166588104,HARMLS,9866131,N,Y,29.7111599,-95.5162554
PAST SALE,March-29-2019,Townhouse,7260 Regency Sq,Houston,TX,77036,130999,2,2.5,Regency Square,1470,,1982,795,89,343,Sold,,,http://www.redfin.com/TX/Houston/7260-Regency-Square-Ct-77036/unit-7260/home/30547406,HARMLS,38148428,N,Y,29.7162405,-95.5109403
PAST SALE,August-8-2019,Condo/Co-op,7510 Hornwood Dr #703,Houston,TX,77036,85000,2,2.0,Sussex Condo East,1113,,1966,663,76,407,Sold,,,http://www.redfin.com/TX/Houston/7510-Hornwood-Dr-77036/unit-703/home/30447382,HARMLS,95449416,N,Y,29.7111599,-95.5162554
PAST SALE,July-10-2019,Townhouse,7300 Regency Square Ct,Houston,TX,77036,126500,2,2.5,Regency Court T/h Condo,1533,250759,1982,692,83,285,Sold,,,http://www.redfin.com/TX/Houston/7300-Regency-Square-Ct-77036/home/30547376,HARMLS,22935574,N,Y,29.7156996,-95.5113694
PAST SALE,November-26-2019,Townhouse,7374 Regency Square Ct,Houston,TX,77036,132500,2,2.5,Regency Court T/h Condo,1470,,1982,553,90,408,Sold,,,http://www.redfin.com/TX/Houston/7374-Regency-Square-Ct-77036/unit-7374/home/30547297,HARMLS,19253798,N,Y,29.7155291,-95.5114974
PAST SALE,March-25-2019,Townhouse,7383 Regency Square Ct #7383,Houston,TX,77036,135000,3,2.5,Regency Court Th Condo,1470,250759,1982,799,92,379,Sold,,,http://www.redfin.com/TX/Houston/7383-Regency-Square-Ct-77036/unit-7383/home/30547503,HARMLS,75231342,N,Y,29.715527,-95.5114959
PAST SALE,December-12-2019,Townhouse,6000 Reims Rd #2005,Houston,TX,77036,154900,2,2.5,Galleria Diplomat T/h Condo,1640,518313,1984,537,94,370,Sold,,,http://www.redfin.com/TX/Houston/6000-Reims-Rd-77036/unit-2005/home/30589291,HARMLS,70827388,N,Y,29.7154252,-95.5170723
PAST SALE,November-26-2019,Townhouse,6000 Reims Rd #2104,Houston,TX,77036,134999,2,2.5,Galleria Diplomat T/h Condo,1640,518313,1984,553,82,370,Sold,,,http://www.redfin.com/TX/Houston/6000-Reims-Rd-77036/unit-2104/home/30589288,HARMLS,98600981,N,Y,29.7154252,-95.5170723
PAST SALE,April-16-2019,Townhouse,6000 Reims Rd #3104,Houston,TX,77036,130000,2,2.5,Galleria Diplomat T/h Condo,1640,518313,1984,777,79,370,Sold,,,http://www.redfin.com/TX/Houston/6000-Reims-Rd-77036/unit-3104/home/30589343,HARMLS,82201698,N,Y,29.7154252,-95.5170723
PAST SALE,February-27-2020,Townhouse,7400 Bellerive Dr #510,Houston,TX,77036,108000,2,1.5,Bellerive Condo,1104,306440,1982,460,98,297,Sold,,,http://www.redfin.com/TX/Houston/7400-Bellerive-Dr-77036/unit-510/home/30540746,HARMLS,64219643,N,Y,29.7136708,-95.514452
PAST SALE,April-30-2019,Multi-Family (5+ Unit),6215 Fondren Rd Unit 101-106,Houston,TX,77036,499800,0,,Sharpstown Sec 04 R/p,6114,11168,1960,763,82,,Sold,,,http://www.redfin.com/TX/Houston/6215-Fondren-Rd-77036/unit-101-106/home/160762372,HARMLS,38974957,N,Y,29.7114375,-95.5209611
PAST SALE,July-30-2020,Townhouse,6000 Reims Rd #4103,Houston,TX,77036,143000,2,2.5,Galleria Diplomat T/h Condo,1640,518313,1984,306,87,370,Sold,,,http://www.redfin.com/TX/Houston/6000-Reims-Rd-77036/unit-4103/home/30589451,HARMLS,31641113,N,Y,29.7154252,-95.5170723
PAST SALE,October-3-2018,Condo/Co-op,6000 Reims Rd #4302,Houston,TX,77036,123000,2,2.5,Galleria Diplomat T/h Condo,1640,5871,1984,972,75,360,Sold,,,http://www.redfin.com/TX/Houston/6000-Reims-Rd-77036/unit-4302/home/30589440,HARMLS,21117358,N,Y,29.7154252,-95.5170723
PAST SALE,March-13-2020,Townhouse,6000 Reims Rd #4402,Houston,TX,77036,142500,2,2.5,Galleria Diplomat T/h Condo,1640,518313,1984,445,87,370,Sold,,,http://www.redfin.com/TX/Houston/6000-Reims-Rd-77036/unit-4402/home/30589489,HARMLS,35472878,N,Y,29.7154252,-95.5170723
PAST SALE,December-17-2019,Condo/Co-op,6000 Reims Rd #4406,Houston,TX,77036,148000,2,2.5,Galleria Diplomat T/h Condo,1640,5871,1984,532,90,370,Sold,,,http://www.redfin.com/TX/Houston/6000-Reims-Rd-77036/unit-4406/home/30589493,HARMLS,77453338,N,Y,29.7154252,-95.5170723
PAST SALE,June-17-2019,Single Family Residential,9360 Concourse Dr,Houston,TX,77036,149900,4,2.5,Westwood South Patio Homes,2660,5775,1994,715,56,29,Sold,,,http://www.redfin.com/TX/Houston/9360-Concourse-Dr-77036/home/30415345,HARMLS,12038777,N,Y,29.6818368,-95.5557199
PAST SALE,April-13-2020,Single Family Residential,10219 Finchwood Ln,Houston,TX,77036,215000,5,2.5,Westwood South Patio Homes,3482,9648,1992,414,62,28,Sold,,,http://www.redfin.com/TX/Houston/10219-Finchwood-Ln-77036/home/30415577,HARMLS,24126680,N,Y,29.6804206,-95.5566828
PAST SALE,April-15-2020,Townhouse,10110 Forum Park Dr #246,Houston,TX,77036,45000,2,2.0,Sugar Branch Condo Ph 01,1266,272208,1978,412,36,464,Sold,,,http://www.redfin.com/TX/Houston/10110-Forum-Park-Dr-77036/unit-246/home/30447057,HARMLS,47445756,N,Y,29.6709583,-95.555842
PAST SALE,June-28-2019,Condo/Co-op,10110 Forum Park Dr #185,Houston,TX,77036,29999,1,1.0,Sugar Branch Condo Ph 01,744,272208,1978,704,40,273,Sold,,,http://www.redfin.com/TX/Houston/10110-Forum-Park-Dr-77036/unit-185/home/30446944,HARMLS,54709994,N,Y,29.6709583,-95.555842
PAST SALE,May-16-2019,Condo/Co-op,10203 Forum Park Dr #125,Houston,TX,77036,46500,1,1.0,Ashwood Cond,680,,1979,747,68,201,Sold,,,http://www.redfin.com/TX/Houston/10203-Forum-Park-Dr-77036/unit-125/home/30449849,HARMLS,23277115,N,Y,29.6698686,-95.554386
PAST SALE,August-3-2020,Condo/Co-op,10110 Forum West Drive 630,Houston,TX,77036,46000,2,1.5,Winfield 2,,,1981,302,,300,Sold,,,http://www.redfin.com/TX/Houston/10110-W-Forum-Dr-77036/unit-630/home/30505256,HARMLS,27907353,N,Y,29.6683561,-95.5560265
PAST SALE,August-21-2019,Condo/Co-op,10211 Sugar Branch Dr #440,Houston,TX,77036,78000,2,2.0,Forum Park Condo Ph 03,1164,146360,1981,650,67,325,Sold,,,http://www.redfin.com/TX/Houston/10211-Sugar-Branch-Dr-77036/unit-440/home/30522752,HARMLS,75163466,N,Y,29.6699015,-95.5579133
PAST SALE,December-20-2018,Condo/Co-op,10202 Forum Park Dr #60,Houston,TX,77036,49900,2,2.0,Forum Park T/h Condo Ph 01,1040,196428,1979,894,48,280,Sold,,,http://www.redfin.com/TX/Houston/10202-Forum-Park-Dr-77036/unit-60/home/30457540,HARMLS,22346880,N,Y,29.6695252,-95.5566623
PAST SALE,October-3-2019,Condo/Co-op,10203 Forum Park Dr #102,Houston,TX,77036,34000,1,1.0,Ashwood Condo,680,129341,1979,607,50,225,Sold,,,http://www.redfin.com/TX/Houston/10203-Forum-Park-Dr-77036/unit-102/home/30449951,HARMLS,67959673,N,Y,29.6698686,-95.554386
PAST SALE,April-2-2019,Townhouse,6000 Reims Rd #2904,Houston,TX,77036,126000,2,2.5,Galleria Diplomat T/h Condo,1640,518313,1984,791,77,360,Sold,,,http://www.redfin.com/TX/Houston/6000-Reims-Rd-77036/unit-2904/home/30589360,HARMLS,5170284,N,Y,29.7154252,-95.5170723
PAST SALE,November-21-2019,Townhouse,8357 La Roche Ln,Houston,TX,77036,100000,2,1.5,Club Vista Sec 01,1196,186968,1975,558,84,177,Sold,,,http://www.redfin.com/TX/Houston/8357-La-Roche-Ln-77036/home/30278579,HARMLS,54628765,N,Y,29.685913,-95.537329
PAST SALE,October-12-2018,Condo/Co-op,8360 Jorine Dr #8360,Houston,TX,77036,60000,2,2.0,Westwood Triangle Jorine Twnhm,1024,64174,1979,963,59,310,Sold,,,http://www.redfin.com/TX/Houston/8360-Jorine-Dr-77036/unit-8360/home/172016675,HARMLS,36225420,N,Y,29.686595,-95.542872
PAST SALE,September-18-2020,Townhouse,8314 Augustine Dr Unit D,Houston,TX,77036,104900,3,2.5,Greenview Twnhm,1732,143086,1979,256,61,407,Sold,,,http://www.redfin.com/TX/Houston/8314-Augustine-Dr-77036/unit-D/home/101691074,HARMLS,41119321,N,Y,29.6866472,-95.538799
PAST SALE,May-1-2019,Single Family Residential,7523 Croton Rd,Houston,TX,77036,279900,3,2.0,Sharpstown Sec 05,1858,8280,1961,762,151,,Sold,,,http://www.redfin.com/TX/Houston/7523-Croton-Rd-77036/home/30133570,HARMLS,94691265,N,Y,29.7004533,-95.5225883
PAST SALE,November-12-2019,Single Family Residential,8307 Leader St,Houston,TX,77036,230000,5,2.0,Sharpstown Country Club Terrac,2456,9472,1966,567,94,10,Sold,,,http://www.redfin.com/TX/Houston/8307-Leader-St-77036/home/30133934,HARMLS,16783696,N,Y,29.7038454,-95.5315866
PAST SALE,August-2-2018,Single Family Residential,6702 Tam O Shanter,Houston,TX,77036,539000,4,4.5,Sharpstown Country Clb Est 2,4716,20000,1964,1034,114,19,Sold,,,http://www.redfin.com/TX/Houston/6702-Tam-O-Shanter-Ln-77036/home/30152282,HARMLS,79457095,N,Y,29.7075458,-95.5245148
PAST SALE,January-15-2020,Single Family Residential,7718 High Star Dr,Houston,TX,77036,289900,4,2.5,Sharpstown Country Cl Estate 0,2935,11154,1965,503,99,19,Sold,,,http://www.redfin.com/TX/Houston/7718-High-Star-Dr-77036/home/30159372,HARMLS,44519592,N,Y,29.71272,-95.5226703
PAST SALE,December-14-2017,Single Family Residential,6206 Tam O Shanter Ln,Houston,TX,77036,475000,5,4.0,Sharpstown Country Cl Estate,3828,21000,1983,1265,124,19,Sold,,,http://www.redfin.com/TX/Houston/6206-Tam-O-Shanter-Ln-77036/home/30159408,HARMLS,81299442,N,Y,29.7121721,-95.5244534
PAST SALE,February-11-2019,Single Family Residential,7722 Gulfton St,Houston,TX,77036,235000,4,2.0,Sharpstown Country Cl Estate 0,2133,10300,1969,841,110,21,Sold,,,http://www.redfin.com/TX/Houston/7722-Gulfton-St-77036/home/30159554,HARMLS,11638662,N,Y,29.7155649,-95.5217031
PAST SALE,August-26-2019,Single Family Residential,8115 Mobud Dr,Houston,TX,77036,242777,4,3.0,Sharpstown Country Club Terrac,2238,9600,1963,645,108,33,Sold,,,http://www.redfin.com/TX/Houston/8115-Mobud-Dr-77036/home/30161915,HARMLS,6485960,N,Y,29.7020469,-95.5287374
PAST SALE,December-17-2019,Single Family Residential,8214 Edgemoor Dr,Houston,TX,77036,330000,5,2.5,Sharpstown Country Club Terrac,2593,9216,1964,532,127,,Sold,,,http://www.redfin.com/TX/Houston/8214-Edgemoor-Dr-77036/home/30162161,HARMLS,60906953,N,Y,29.703389,-95.5300902
PAST SALE,May-24-2019,Single Family Residential,8518 Stroud Dr,Houston,TX,77036,212000,3,2.0,Sharpstown Country Club Terrac,1683,8160,1966,739,126,,Sold,,,http://www.redfin.com/TX/Houston/8518-Stroud-Dr-77036/home/30162466,HARMLS,93779854,N,Y,29.6991535,-95.5353791
PAST SALE,March-14-2019,Single Family Residential,8414 Sharpview Dr,Houston,TX,77036,183000,3,2.0,Sharpstown Country Club Terrac,1635,7560,1966,810,112,,Sold,,,http://www.redfin.com/TX/Houston/8414-Sharpview-Dr-77036/home/30162746,HARMLS,24675779,N,Y,29.6983545,-95.5339851
PAST SALE,September-28-2020,Single Family Residential,7707 Romney Rd,Houston,TX,77036,235000,4,2.0,Sharpstown Country Club Terrac,1820,8760,1965,246,129,250,Sold,,,http://www.redfin.com/TX/Houston/7707-Romney-Rd-77036/home/30162842,HARMLS,42904914,N,Y,29.6970204,-95.5237771
PAST SALE,July-31-2019,Single Family Residential,7031 Lacy Hill Dr,Houston,TX,77036,225000,4,2.0,Sharpstown Country Club Terrac,1975,9672,1969,671,114,250,Sold,,,http://www.redfin.com/TX/Houston/7031-Lacy-Hill-Dr-77036/home/30162880,HARMLS,9794891,N,Y,29.7023465,-95.5437233
PAST SALE,June-15-2020,Single Family Residential,8311 Langdon Ln,Houston,TX,77036,175000,4,2.0,Sharpstown Country Club Terrac,2128,8591,1968,351,82,,Sold,,,http://www.redfin.com/TX/Houston/8311-Langdon-Ln-77036/home/30162901,HARMLS,21636272,N,Y,29.6949153,-95.5309922
PAST SALE,November-20-2019,Single Family Residential,8326 Beechnut St,Houston,TX,77036,205000,2,4.0,Sharpstown Country Club Terrac,3285,9872,1968,559,62,,Sold,,,http://www.redfin.com/TX/Houston/8326-Beechnut-St-77036/home/30162978,HARMLS,44537502,N,Y,29.6928242,-95.5319146
PAST SALE,July-24-2019,Single Family Residential,8207 Concho St,Houston,TX,77036,215000,3,2.0,Sharpstown Country Club Terrac,1596,7986,1966,678,135,,Sold,,,http://www.redfin.com/TX/Houston/8207-Concho-St-77036/home/30163053,HARMLS,93561883,N,Y,29.6940797,-95.5293933
PAST SALE,October-3-2019,Single Family Residential,8503 Hazen St,Houston,TX,77036,239300,3,2.0,Sharpstown Cc Terrace Sec 02,1700,8505,1967,607,141,25,Sold,,,http://www.redfin.com/TX/Houston/8503-Hazen-St-77036/home/30163030,HARMLS,49251026,N,Y,29.6925903,-95.5337391
PAST SALE,July-31-2020,Single Family Residential,8207 Sharpcrest St,Houston,TX,77036,248000,3,2.0,Sharpstown Country Club Terrac,1818,8712,1965,305,136,21,Sold,,,http://www.redfin.com/TX/Houston/8207-Sharpcrest-St-77036/home/30163216,HARMLS,70319876,N,Y,29.6957489,-95.5293933
PAST SALE,June-12-2020,Single Family Residential,8914 Roos Rd,Houston,TX,77036,228000,4,2.0,Sharpstown Country Club Terrac,1915,8575,1966,354,119,,Sold,,,http://www.redfin.com/TX/Houston/8914-Roos-Rd-77036/home/30163419,HARMLS,44198734,N,Y,29.7001897,-95.5418985
PAST SALE,March-16-2020,Single Family Residential,7311 Lacy Hill Dr,Houston,TX,77036,155000,4,2.0,Sharpstown Country Club Terrac,2104,8970,1969,442,74,4,Sold,,,http://www.redfin.com/TX/Houston/7311-Lacy-Hill-Dr-77036/home/30163453,HARMLS,60306020,N,Y,29.6994331,-95.544892
PAST SALE,September-26-2019,Single Family Residential,9106 Sharpview Dr,Houston,TX,77036,205000,3,2.0,Sharpstown Country Club Terrac,1773,8760,1971,614,116,21,Sold,,,http://www.redfin.com/TX/Houston/9106-Sharpview-Dr-77036/home/30163474,HARMLS,96992848,N,Y,29.699183,-95.5443999
PAST SALE,August-13-2020,Single Family Residential,9214 Rowan Ln,Houston,TX,77036,239900,5,3.5,Sharpstown Country Club Terrac,2276,8906,1971,292,105,21,Sold,,,http://www.redfin.com/TX/Houston/9214-Rowan-Ln-77036/home/30163794,HARMLS,27896232,N,Y,29.7019508,-95.545097
PAST SALE,May-6-2019,Single Family Residential,9239 Sandstone St,Houston,TX,77036,225000,3,2.0,Sharpstown Country Club Terrac,1888,8578,1970,757,119,21,Sold,,,http://www.redfin.com/TX/Houston/9239-Sandstone-Rd-77036/home/30163940,HARMLS,26527878,N,Y,29.69858,-95.547496
PAST SALE,November-19-2019,Single Family Residential,9206 Sharpcrest St,Houston,TX,77036,195000,3,2.0,Sharpstown Country Club Terrac,1716,8142,1970,560,114,21,Sold,,,http://www.redfin.com/TX/Houston/9206-Sharpcrest-St-77036/home/30164190,HARMLS,11996563,N,Y,29.6963752,-95.5468194
PAST SALE,April-13-2020,Single Family Residential,9218 Sharpcrest St,Houston,TX,77036,249000,3,2.0,Sharpstown Country Club Terrac,2052,8073,1971,414,121,21,Sold,,,http://www.redfin.com/TX/Houston/9218-Sharpcrest-St-77036/home/30164196,HARMLS,32829129,N,Y,29.6965282,-95.5474755
PAST SALE,December-4-2019,Single Family Residential,7710 Colony St,Houston,TX,77036,165000,4,2.0,Sharpstown Country Club Terrac,1884,7700,1973,545,88,21,Sold,,,http://www.redfin.com/TX/Houston/7710-Colony-Dr-77036/home/30164268,HARMLS,54168566,N,Y,29.6950897,-95.5489724
PAST SALE,April-16-2019,Single Family Residential,8926 Grape St,Houston,TX,77036,175000,4,2.0,Sharpstown Country Club Terrac,1742,7440,1967,777,100,21,Sold,,,http://www.redfin.com/TX/Houston/8926-Grape-St-77036/home/30164555,HARMLS,60094745,N,Y,29.6882632,-95.541755
PAST SALE,May-23-2019,Single Family Residential,9111 Jackwood St,Houston,TX,77036,199000,3,2.0,Sharpstown Country Club Terrac,2067,7936,1968,740,96,,Sold,,,http://www.redfin.com/TX/Houston/9111-Jackwood-St-77036/home/30164931,HARMLS,5926635,N,Y,29.6869606,-95.5443179
PAST SALE,August-29-2019,Single Family Residential,9119 Jackwood St,Houston,TX,77036,199900,3,2.0,Sharpstown Country Club Terrace,1785,7680,1968,642,112,,Sold,,,http://www.redfin.com/TX/Houston/9119-Jackwood-St-77036/home/30164933,HARMLS,62655755,N,Y,29.6869886,-95.544728
PAST SALE,November-15-2019,Condo/Co-op,6161 Reims Rd #811,Houston,TX,77036,36000,2,1.0,Summerset Landing Condo Ph 03,876,131644,1977,564,41,300,Sold,,,http://www.redfin.com/TX/Houston/6161-Reims-Rd-77036/unit-811/home/169604672,HARMLS,86170315,N,Y,29.7121405,-95.51437
PAST SALE,March-20-2019,Townhouse,6209 Fondren Rd #24,Houston,TX,77036,89995,2,2.0,Fondren Th 2,1374,69638,1964,804,65,195,Sold,,,http://www.redfin.com/TX/Houston/6209-Fondren-Rd-77036/unit-24/home/30210076,HARMLS,87235396,N,Y,29.7118066,-95.5209995
PAST SALE,November-6-2020,Condo/Co-op,9550 Deering Dr #409,Houston,TX,77036,40000,1,1.0,Vineyard Th Condo,651,101944,1979,207,61,215,Sold,,,http://www.redfin.com/TX/Houston/9550-Deering-Dr-77036/unit-409/home/30463016,HARMLS,28256911,N,Y,29.6790627,-95.5520817
PAST SALE,April-5-2019,Condo/Co-op,7891 Kendalia Dr,Houston,TX,77036,122000,2,2.5,Westwood Village Sec 03 T/h,1440,1040,1976,788,85,230,Sold,,,http://www.redfin.com/TX/Houston/7891-Kendalia-Dr-77036/home/30361982,HARMLS,22750995,N,Y,29.6932384,-95.5473935
PAST SALE,November-30-2018,Single Family Residential,7503 Basil Ln,Houston,TX,77036,244990,4,3.0,Westwood Patio Homes,2186,6720,1981,914,112,21,Sold,,,http://www.redfin.com/TX/Houston/7503-Basil-Ln-77036/home/30406113,HARMLS,57409573,N,Y,29.6979403,-95.5503872
PAST SALE,July-31-2020,Single Family Residential,10210 Pebble Park Ln,Houston,TX,77036,189500,3,2.0,Westwood South Patio Homes,1630,5675,1980,305,116,31,Sold,,,http://www.redfin.com/TX/Houston/10210-Pebble-Park-Ln-77036/home/30415064,HARMLS,23941929,N,Y,29.6844228,-95.5564572
PAST SALE,May-30-2019,Condo/Co-op,8149 Sands Point Dr #113,Houston,TX,77036,69000,1,1.0,Townhomes On Park Ph 03,832,92513,1982,733,83,260,Sold,,,http://www.redfin.com/TX/Houston/8149-Sands-Point-Dr-77036/unit-113/home/30525097,HARMLS,77783112,N,Y,29.714306,-95.527244
PAST SALE,June-21-2019,Condo/Co-op,8223 Sands Point Dr #150,Houston,TX,77036,120000,2,2.0,Townhomes On Park Ph 03,1347,92513,1982,711,89,399,Sold,,,http://www.redfin.com/TX/Houston/8223-Sands-Point-Dr-77036/unit-150/home/30525122,HARMLS,59080496,N,Y,29.7142667,-95.5275741
PAST SALE,September-8-2020,Condo/Co-op,8301 Sands Point Dr,Houston,TX,77036,88000,2,2.0,Townhomes On Park Ph 04,1023,93657,1983,266,86,343,Sold,,,http://www.redfin.com/TX/Houston/8301-Sands-Point-Dr-77036/unit-189/home/30524918,HARMLS,93415306,N,Y,29.7144034,-95.5290029
PAST SALE,March-25-2019,Condo/Co-op,8313 Sands Point Dr #195,Houston,TX,77036,89000,2,2.0,Townhomes On Park Ph 04,1023,93657,1982,799,87,343,Sold,,,http://www.redfin.com/TX/Houston/8313-Sands-Point-Dr-77036/unit-195/home/30524908,HARMLS,93510098,N,Y,29.714292,-95.529219
PAST SALE,May-8-2020,Condo/Co-op,6602 Harbor Town Dr #203,Houston,TX,77036,76950,1,1.0,Harborgreen Condo Ph 01,803,140557,1982,389,96,20,Sold,,,http://www.redfin.com/TX/Houston/6602-Harbor-Town-Dr-77036/unit-203/home/30535943,HARMLS,46510500,N,Y,29.7086546,-95.5279853
PAST SALE,March-28-2019,Multi-Family (2-4 Unit),8414 Beechnut St,Houston,TX,77036,230000,0,,Sharpstown Country Club Terrac,2933,9156,1964,796,78,,Sold,,,http://www.redfin.com/TX/Houston/8414-Beechnut-St-77036/home/30163009,HARMLS,75860560,N,Y,29.6924086,-95.5332266
PAST SALE,February-20-2020,Single Family Residential,7710 Hiawatha Dr,Houston,TX,77036,230000,3,2.0,Sharpstown Country Club Estates,2360,14813,1964,467,97,21,Sold,,,http://www.redfin.com/TX/Houston/7710-Hiawatha-Dr-77036/home/30152120,HARMLS,59274896,N,Y,29.7066489,-95.5222194
PAST SALE,November-16-2018,Condo/Co-op,8447 Sands Point Dr #36,Houston,TX,77036,68500,1,1.0,Townhomes On Park Ph 01,870,97066,1980,928,79,277,Sold,,,http://www.redfin.com/TX/Houston/8447-Sands-Point-Dr-77036/unit-36/home/172009307,HARMLS,98908960,N,Y,29.7143246,-95.5315382
PAST SALE,August-7-2018,Single Family Residential,8427 Leader St,Houston,TX,77036,189900,3,2.0,Sharpstown Country Club Terr,1715,8640,1966,1029,111,200,Sold,,,http://www.redfin.com/TX/Houston/8427-Leader-St-77036/home/30134009,HARMLS,10698676,N,Y,29.7037925,-95.5344771
PAST SALE,October-11-2019,Single Family Residential,7806 Hiawatha Dr,Houston,TX,77036,389000,5,4.0,Sharpstown Country Club Estate,3122,19750,1961,599,125,21,Sold,,,http://www.redfin.com/TX/Houston/7806-Hiawatha-Dr-77036/home/30152132,HARMLS,35822143,N,Y,29.7066412,-95.5234901
PAST SALE,March-8-2019,Single Family Residential,7827 Gulfton St,Houston,TX,77036,289000,3,2.5,Sharpstown Country Cl Estate 0,2492,15225,1969,816,116,21,Sold,,,http://www.redfin.com/TX/Houston/7827-Gulfton-St-77036/home/30159525,HARMLS,77086570,N,Y,29.7154378,-95.5239215
PAST SALE,October-31-2018,Single Family Residential,7727 Prestwood Dr,Houston,TX,77036,243500,4,2.5,Sharpstown Country Cl Estate 0,2061,10700,1969,944,118,19,Sold,,,http://www.redfin.com/TX/Houston/7727-Prestwood-Dr-77036/home/30159546,HARMLS,72947168,N,Y,29.7159768,-95.5219119
PAST SALE,May-31-2019,Single Family Residential,6002 Redding Rd,Houston,TX,77036,240000,3,3.0,Sharpstown Country Club,2597,15570,1967,732,92,7,Sold,,,http://www.redfin.com/TX/Houston/6002-Redding-Rd-77036/home/30188456,HARMLS,2397198,N,Y,29.7142825,-95.5365886
PAST SALE,December-30-2019,Single Family Residential,8502 Hornwood Dr,Houston,TX,77036,239500,3,2.0,Sharpstown Cntry Club Sec 03 R,2032,9065,1966,519,118,80,Sold,,,http://www.redfin.com/TX/Houston/8502-Hornwood-Dr-77036/home/30188468,HARMLS,61754903,N,Y,29.710084,-95.5350511
PAST SALE,February-14-2020,Single Family Residential,8502 De Moss Dr,Houston,TX,77036,275000,3,2.5,Sharpstown Cntry Club Sec 03 R,2632,10285,1964,473,104,,Sold,,,http://www.redfin.com/TX/Houston/8502-De-Moss-Dr-77036/home/30188502,HARMLS,50528329,N,Y,29.7084857,-95.5344361
PAST SALE,January-24-2019,Single Family Residential,8518 Dashwood Dr,Houston,TX,77036,210000,4,2.0,Sharpstown Cntry Club Sec 03 R,2241,9720,1963,859,94,21,Sold,,,http://www.redfin.com/TX/Houston/8518-Dashwood-Dr-77036/home/30188562,HARMLS,8599388,N,Y,29.7075961,-95.5352151
PAST SALE,July-31-2019,Condo/Co-op,7918 Prestwood Dr #12,Houston,TX,77036,89000,2,2.5,Dickens Court T/h U/r,1416,1284,1972,671,63,340,Sold,,,http://www.redfin.com/TX/Houston/7918-Prestwood-Dr-77036/unit-12/home/30401066,HARMLS,63351236,N,Y,29.717274,-95.525395
PAST SALE,December-13-2019,Condo/Co-op,8399 Sands Point Dr,Houston,TX,77036,100000,2,2.0,Townhomes On Park Ph 01,1103,97066,1980,536,91,328,Sold,,,http://www.redfin.com/TX/Houston/8399-Sands-Point-Dr-77036/home/30525257,HARMLS,59335985,N,Y,29.7142426,-95.5312708
PAST SALE,May-1-2020,Condo/Co-op,8433 Sands Point Dr,Houston,TX,77036,89900,2,2.0,Townhomes On Park Ph 01,1023,97066,1980,396,88,328,Sold,,,http://www.redfin.com/TX/Houston/8433-Sands-Point-Dr-77036/unit-29-D/home/30525267,HARMLS,25979582,N,Y,29.7142426,-95.5312708
PAST SALE,September-2-2020,Condo/Co-op,8435 Sands Point Dr,Houston,TX,77036,98760,2,2.0,Townhomes On Park Ph 01,1103,97066,1980,272,90,345,Sold,,,http://www.redfin.com/TX/Houston/8435-Sands-Point-Dr-77036/home/30525266,HARMLS,71870530,N,Y,29.7142426,-95.5312708
PAST SALE,March-4-2019,Condo/Co-op,8233 Sands Point Dr #155,Houston,TX,77036,85000,2,2.0,Townhomes On Park Ph 03,1023,92513,1982,820,83,343,Sold,,,http://www.redfin.com/TX/Houston/8233-Sands-Point-Dr-77036/unit-155/home/30525136,HARMLS,47815228,N,Y,29.7144303,-95.5277769
PAST SALE,May-22-2020,Condo/Co-op,8289 Sands Point Dr #183,Houston,TX,77036,72000,1,1.0,Townhomes On Park Ph 04,832,93657,1983,375,87,260,Sold,,,http://www.redfin.com/TX/Houston/8289-Sands-Point-Dr-77036/unit-183/home/30524927,HARMLS,73430088,N,Y,29.714292,-95.529219
PAST SALE,September-15-2020,Condo/Co-op,8293 Sands Point Dr #185,Houston,TX,77036,75000,1,1.0,Townhomes ON The Park PH 4,832,,1983,259,90,273,Sold,,,http://www.redfin.com/TX/Houston/8293-Sands-Point-Dr-77036/unit-185/home/30524914,HARMLS,53438225,N,Y,29.7144151,-95.5289646
PAST SALE,September-28-2020,Condo/Co-op,6602 Harbor Town Dr #201,Houston,TX,77036,69000,1,1.0,Harborgreen Condo Ph 01,803,140557,1982,246,86,234,Sold,,,http://www.redfin.com/TX/Houston/6602-Harbor-Town-Dr-77036/unit-201/home/30535945,HARMLS,55760514,N,Y,29.7086546,-95.5279853
PAST SALE,July-16-2018,Condo/Co-op,6500 Harbor Town Dr #3002,Houston,TX,77036,54000,1,1.0,Golf Green Condo Ph 01 02 Amd,834,121607,1984,1051,65,199,Sold,,,http://www.redfin.com/TX/Houston/6500-Harbor-Town-Dr-77036/unit-3002/home/30565550,HARMLS,17844676,N,Y,29.710553,-95.5265031
PAST SALE,March-13-2020,Single Family Residential,7002 Redding Rd,Houston,TX,77036,285000,5,3.0,Sharpstown Country Club Terrac,2279,16844,1966,445,125,21,Sold,,,http://www.redfin.com/TX/Houston/7002-Redding-Rd-77036/home/30133882,HARMLS,63538229,N,Y,29.7041147,-95.5364861
PAST SALE,April-26-2019,Single Family Residential,8130 Golf Green Cir,Houston,TX,77036,209990,4,2.5,Golf Green Garden Homes Sec 2,1892,4457,1998,767,111,51,Sold,,,http://www.redfin.com/TX/Houston/8130-Golf-Green-Cir-77036/home/30677961,HARMLS,2401377,N,Y,29.7115596,-95.5256217
PAST SALE,September-10-2019,Single Family Residential,8016 Golf Green Cir,Houston,TX,77036,227900,4,2.5,Golf Green Garden Homes 02 Amd,2078,3042,1999,630,110,56,Sold,,,http://www.redfin.com/TX/Houston/8016-Golf-Green-Cir-77036/home/30677945,HARMLS,36746897,N,Y,29.7100088,-95.5260317
PAST SALE,March-28-2019,Single Family Residential,8282 Golf Green Cir,Houston,TX,77036,249000,4,3.5,Golf Green Garden Homes 03 Amd,2500,4175,1998,796,100,51,Sold,,,http://www.redfin.com/TX/Houston/8282-Golf-Green-Cir-77036/home/30677935,HARMLS,76126663,N,Y,29.7110997,-95.5279994
PAST SALE,May-24-2019,Single Family Residential,8815 Bellaire Blvd,Houston,TX,77036,208000,4,2.0,Sharpstown Country Club Terrac,1900,9555,1964,739,109,21,Sold,,,http://www.redfin.com/TX/Houston/8815-Bellaire-Blvd-77036/home/30163113,HARMLS,50766621,N,Y,29.704582,-95.5404224
PAST SALE,April-12-2019,Condo/Co-op,6201 Ranchester Dr #48,Houston,TX,77036,129950,3,2.5,Happy Village Condo,1472,124829,1972,781,88,180,Sold,,,http://www.redfin.com/TX/Houston/6201-Ranchester-Dr-77036/unit-48/home/30619562,HARMLS,72280858,N,Y,29.710586,-95.5448229
PAST SALE,April-16-2020,Single Family Residential,7138 Galleon Dr,Houston,TX,77036,243900,4,2.0,Sharpstown Sec 05,1688,10640,1963,411,144,250,Sold,,,http://www.redfin.com/TX/Houston/7138-Galleon-Dr-77036/home/30133402,HARMLS,32305476,N,Y,29.7016365,-95.5223423
PAST SALE,July-16-2018,Single Family Residential,7018 Lugary Dr,Houston,TX,77036,270000,3,2.0,Sharpstown Sec 05,1599,8466,1963,1051,169,,Sold,,,http://www.redfin.com/TX/Houston/7018-Lugary-Dr-77036/home/30133579,HARMLS,11046402,N,Y,29.7032639,-95.5222604
PAST SALE,May-30-2019,Single Family Residential,7518 Romney Rd,Houston,TX,77036,210000,3,2.0,Sharpstown,1580,8400,1963,733,133,21,Sold,,,http://www.redfin.com/TX/Houston/7518-Romney-Rd-77036/home/30133648,HARMLS,20530564,N,Y,29.6996873,-95.5214815
PAST SALE,September-30-2019,Single Family Residential,7526 Barberton Dr,Houston,TX,77036,199900,3,2.0,Sharpstown Sec 05,1500,8400,1962,610,133,21,Sold,,,http://www.redfin.com/TX/Houston/7526-Barberton-Dr-77036/home/30134041,HARMLS,74273869,N,Y,29.6988455,-95.5211126
PAST SALE,March-5-2019,Single Family Residential,7515 Romney Rd,Houston,TX,77036,178500,3,2.0,Sharpstown Sec 05,1708,8400,1962,819,105,,Sold,,,http://www.redfin.com/TX/Houston/7515-Romney-Rd-77036/home/30134047,HARMLS,30771686,N,Y,29.6995273,-95.5209896
PAST SALE,November-12-2019,Single Family Residential,8530 Leader St,Houston,TX,77036,230000,3,2.0,Sharpstown Country Club Terrace,1922,10505,1964,567,120,7,Sold,,,http://www.redfin.com/TX/Houston/8530-Leader-St-77036/home/30134327,HARMLS,28732232,N,Y,29.704302,-95.5363221
PAST SALE,October-31-2018,Single Family Residential,8418 Rowan Ln,Houston,TX,77036,210000,3,3.0,Sharpstown Country Clb Terr,2059,8040,1964,944,102,21,Sold,,,http://www.redfin.com/TX/Houston/8418-Rowan-Ln-77036/home/30161970,HARMLS,61858225,N,Y,29.7008374,-95.5339441
PAST SALE,December-31-2018,Single Family Residential,8002 Mobud Dr,Houston,TX,77036,280000,4,2.0,Sharpstown Country Club Terrac,2086,9102,1963,883,134,,Sold,,,http://www.redfin.com/TX/Houston/8002-Mobud-Dr-77036/home/30162098,HARMLS,86960472,N,Y,29.7026102,-95.5265851
PAST SALE,October-12-2018,Single Family Residential,8418 Edgemoor Dr,Houston,TX,77036,205900,4,2.0,Sharpstown Country Club Terrace,1961,8678,1966,963,105,,Sold,,,http://www.redfin.com/TX/Houston/8418-Edgemoor-Dr-77036/home/30162184,HARMLS,39670364,N,Y,29.7033585,-95.5340671
PAST SALE,September-17-2020,Single Family Residential,8403 Roos Rd,Houston,TX,77036,225000,4,2.0,Sharpstown Country Club Terrac,2035,8940,1965,257,111,21,Sold,,,http://www.redfin.com/TX/Houston/8403-Roos-Rd-77036/home/30162416,HARMLS,7377328,N,Y,29.6995634,-95.5331241
PAST SALE,September-18-2019,Single Family Residential,7306 Burning Tree Dr,Houston,TX,77036,244500,4,2.0,Sharpstown Country Club Terrac,2110,7680,1966,622,116,,Sold,,,http://www.redfin.com/TX/Houston/7306-Burning-Tree-Dr-77036/home/30162437,HARMLS,11473709,N,Y,29.6985654,-95.5354201
PAST SALE,February-12-2019,Single Family Residential,7514 Redding Rd,Houston,TX,77036,215000,4,2.0,Sharpstown Country Club Terr,1890,8880,1966,840,114,,Sold,,,http://www.redfin.com/TX/Houston/7514-Redding-Rd-77036/home/30162715,HARMLS,64825734,N,Y,29.6957976,-95.5363426
PAST SALE,February-15-2019,Single Family Residential,7415 Osage St,Houston,TX,77036,209900,3,2.0,Sharpstown Country Club Terrace,1932,8250,1964,837,109,21,Sold,,,http://www.redfin.com/TX/Houston/7415-Osage-St-77036/home/30162829,HARMLS,40229673,N,Y,29.6971047,-95.5228342
PAST SALE,December-13-2019,Single Family Residential,7735 Romney Rd,Houston,TX,77036,284900,3,2.0,Sharpstown Country Club Terrac,1764,9635,1964,536,162,,Sold,,,http://www.redfin.com/TX/Houston/7735-Romney-Rd-77036/home/30162841,HARMLS,71743692,N,Y,29.6959818,-95.5248839
PAST SALE,October-10-2018,Single Family Residential,8502 Langdon Ln,Houston,TX,77036,239500,4,2.0,Sharpstown Country Club Terrac,1959,8330,1965,965,122,21,Sold,,,http://www.redfin.com/TX/Houston/8502-Langdon-Ln-77036/home/30162866,HARMLS,35810351,N,Y,29.6946165,-95.5343746
PAST SALE,October-7-2019,Single Family Residential,8318 Concho St,Houston,TX,77036,225000,4,2.0,Sharpstown Country Club Terrace,1960,8211,1965,603,115,,Sold,,,http://www.redfin.com/TX/Houston/8318-Concho-St-77036/home/30162891,HARMLS,75322492,N,Y,29.6944722,-95.5313407
PAST SALE,September-9-2020,Single Family Residential,8306 Hazen St,Houston,TX,77036,250000,3,2.0,Sharpstown Country Club Terrace,1815,8280,1965,265,138,21,Sold,,,http://www.redfin.com/TX/Houston/8306-Hazen-St-77036/home/30163061,HARMLS,57589912,N,Y,29.6936875,-95.5306847
PAST SALE,November-19-2018,Single Family Residential,8211 Hazen St,Houston,TX,77036,189000,5,2.0,Sharpstown Country Club Terrace,2193,7973,1965,925,86,,Sold,,,http://www.redfin.com/TX/Houston/8211-Hazen-St-77036/home/30163100,HARMLS,92548532,N,Y,29.6932808,-95.5296188
PAST SALE,March-14-2019,Single Family Residential,8303 Sharpcrest St,Houston,TX,77036,215000,4,2.0,Sharpstown Cc Terrace Sec 02,2412,9740,1965,810,89,19,Sold,,,http://www.redfin.com/TX/Houston/8303-Sharpcrest-St-77036/home/30163182,HARMLS,67205465,N,Y,29.6957479,-95.5305002
PAST SALE,August-15-2018,Single Family Residential,8211 Sharpcrest St,Houston,TX,77036,225000,3,2.0,Sharpstown Country Club,1905,8856,1965,1021,118,19,Sold,,,http://www.redfin.com/TX/Houston/8211-Sharpcrest-St-77036/home/30163214,HARMLS,61936651,N,Y,29.6957404,-95.5295983
PAST SALE,November-6-2020,Single Family Residential,8123 Langdon Ln,Houston,TX,77036,255000,3,2.0,Sharpstown Country Club Terrac,1752,8118,1966,207,146,,Sold,,,http://www.redfin.com/TX/Houston/8123-Langdon-Ln-77036/home/30163337,HARMLS,30972202,N,Y,29.6949071,-95.5290243
PAST SALE,July-23-2018,Single Family Residential,6703 Burning Tree Dr,Houston,TX,77036,349000,5,2.5,Sharpstown Cntry Club Sec 03 R,3300,10400,1963,1044,106,21,Sold,,,http://www.redfin.com/TX/Houston/6703-Burning-Tree-Dr-77036/home/30188316,HARMLS,26443952,N,Y,29.7073673,-95.5336376
PAST SALE,September-28-2018,Townhouse,9400 Bellaire Blvd #604,Houston,TX,77036,200000,3,2.0,Lee Ho Twnhms,1268,119955,2006,977,158,180,Sold,,,http://www.redfin.com/TX/Houston/9400-Bellaire-Blvd-77036/unit-604/home/29539641,HARMLS,36856557,N,Y,29.705743,-95.5494516
PAST SALE,July-6-2020,Condo/Co-op,10211 E Sugar Branch Dr #342,Houston,TX,77036,45000,2,1.0,Forum Park Condo Ph 03,994,146360,1981,330,45,350,Sold,,,http://www.redfin.com/TX/Houston/10211-Sugar-Branch-Dr-77036/unit-342/home/30523041,HARMLS,17046262,N,Y,29.6699015,-95.5579133
PAST SALE,November-21-2019,Single Family Residential,9414 Rowan Ln,Houston,TX,77036,275000,5,2.0,Sharpstown Country Club Terrac,2606,8733,1968,558,106,21,Sold,,,http://www.redfin.com/TX/Houston/9414-Rowan-Ln-77036/home/30163827,HARMLS,79913431,N,Y,29.7024612,-95.5490749
PAST SALE,November-9-2018,Townhouse,9901 Sharpcrest St Unit M2,Houston,TX,77036,103000,2,2.5,Oxford Court T/h,1406,770,1980,935,73,263,Sold,,,http://www.redfin.com/TX/Houston/9901-Sharpcrest-St-77036/unit-M2/home/30366941,HARMLS,85287220,N,Y,29.6953452,-95.5544577
PAST SALE,November-13-2019,Single Family Residential,9618 Sharpcrest St,Houston,TX,77036,157500,3,2.0,Westwood Patio Homes,1905,6000,1982,566,83,19,Sold,,,http://www.redfin.com/TX/Houston/9618-Sharpcrest-St-77036/home/30406143,HARMLS,98081618,N,Y,29.6964132,-95.5518432
PAST SALE,January-20-2021,Townhouse,9320 Westwood Village Dr,Houston,TX,77036,121000,2,1.0,Westwood Vlg 5 TH & RP,1100,1584,1979,132,110,243,Sold,,,http://www.redfin.com/TX/Houston/9320-Westwood-Village-Dr-77036/unit-43/home/30381425,HARMLS,36257701,N,Y,29.6918118,-95.5497239
PAST SALE,April-16-2021,Townhouse,9215 Westwood Village Dr #78,Houston,TX,77036,116000,2,2.5,Westwood Village Sec 04 R/p,1530,1200,1977,46,76,243,Sold,,,http://www.redfin.com/TX/Houston/9215-Westwood-Village-Dr-77036/unit-78/home/30381162,HARMLS,33423099,N,Y,29.692746,-95.548151
PAST SALE,May-31-2019,Single Family Residential,10107 Finchwood Ln,Houston,TX,77036,164900,3,2.0,Westwood South Patio Homes,1721,6091,1979,732,96,,Sold,,,http://www.redfin.com/TX/Houston/10107-Finchwood-Ln-77036/home/30415308,HARMLS,24459537,N,Y,29.6797577,-95.5547346
PAST SALE,July-19-2018,Condo/Co-op,6161 Reims Rd #212,Houston,TX,77036,37000,1,1.0,Summerset Landing Condo Ph 0,712,67939,1977,1048,52,212,Sold,,,http://www.redfin.com/TX/Houston/6161-Reims-Rd-77036/unit-212/home/109037835,HARMLS,34365179,N,Y,29.7121405,-95.51437
PAST SALE,February-5-2019,Condo/Co-op,7510 Hornwood Dr Unit 207E,Houston,TX,77036,70000,2,2.0,Sussex Condo East,870,,1966,847,80,317,Sold,,,http://www.redfin.com/TX/Houston/7510-Hornwood-Dr-77036/unit-207E/home/147727992,HARMLS,90779646,N,Y,29.7111599,-95.5162554
PAST SALE,February-9-2018,Single Family Residential,7715 Prestwood Dr,Houston,TX,77036,170000,4,2.5,Sharpstown Country Cl Estate,1890,11550,1969,1208,90,225,Sold,,,http://www.redfin.com/TX/Houston/7715-Prestwood-Dr-77036/home/30159551,HARMLS,51876471,N,Y,29.7159407,-95.5211536
PAST SALE,December-19-2019,Single Family Residential,6102 Burning Tree Dr,Houston,TX,77036,219000,3,2.0,Sharpstown Cntry Club Sec 03 R,2076,12798,1968,530,105,,Sold,,,http://www.redfin.com/TX/Houston/6102-Burning-Tree-Dr-77036/home/30188442,HARMLS,44941041,N,Y,29.7136121,-95.5353586
PAST SALE,February-26-2020,Single Family Residential,8510 Clarewood Dr,Houston,TX,77036,255000,3,2.0,Sharpstown Cntry Club Sec 03 R,2012,9600,1964,461,127,21,Sold,,,http://www.redfin.com/TX/Houston/8510-Clarewood-Dr-77036/home/30188525,HARMLS,38851781,N,Y,29.7091984,-95.5351946
PAST SALE,January-23-2020,Townhouse,6017 Fondren Rd #24,Houston,TX,77036,114500,2,1.5,Fondren T/h,1040,69817,1965,495,110,225,Sold,,,http://www.redfin.com/TX/Houston/6017-Fondren-Rd-77036/unit-24/home/30203112,HARMLS,82835187,N,Y,29.7142308,-95.5200467
PAST SALE,August-20-2020,Townhouse,7918 Prestwood Dr #23,Houston,TX,77036,109000,2,3.0,Dickens Court T/h U/r,1416,1253,1972,285,77,338,Sold,,,http://www.redfin.com/TX/Houston/7918-Prestwood-Dr-77036/unit-23/home/30401046,HARMLS,55519307,N,Y,29.717274,-95.525395
PAST SALE,May-8-2020,Condo/Co-op,7510 Hornwood Dr #5,Houston,TX,77036,60000,1,1.0,Sussex Condo East,660,,1966,389,91,250,Sold,,,http://www.redfin.com/TX/Houston/7510-Hornwood-Dr-77036/unit-5/home/30447393,HARMLS,10013810,N,Y,29.7111599,-95.5162554
PAST SALE,June-3-2019,Condo/Co-op,7510 Hornwood Dr #1502,Houston,TX,77036,65000,1,1.5,Sussex,654,,1966,729,99,249,Sold,,,http://www.redfin.com/TX/Houston/7510-Hornwood-Dr-77036/unit-1502/home/30447461,HARMLS,16909559,N,Y,29.7111599,-95.5162554
PAST SALE,October-18-2019,Condo/Co-op,7520 Hornwood Dr #9,Houston,TX,77036,65000,1,1.0,Sussex Condo West,660,,1966,592,98,248,Sold,,,http://www.redfin.com/TX/Houston/7520-Hornwood-Dr-77036/unit-9/home/30447501,HARMLS,10571279,N,Y,29.7111088,-95.517485
PAST SALE,May-3-2019,Condo/Co-op,6161 Reims Rd #922,Houston,TX,77036,68000,2,1.0,Summerset Landing Condo Ph 03,876,131644,1977,760,78,207,Sold,,,http://www.redfin.com/TX/Houston/6161-Reims-Rd-77036/unit-922/home/30449053,HARMLS,74932973,N,Y,29.7121405,-95.51437
PAST SALE,July-19-2019,Condo/Co-op,8431 Sands Point Dr,Houston,TX,77036,125000,2,3.0,Townhomes On Park Ph 01,1614,97066,1980,683,77,328,Sold,,,http://www.redfin.com/TX/Houston/8431-Sands-Point-Dr-77036/home/30525272,HARMLS,47444388,N,Y,29.7142426,-95.5312708
PAST SALE,March-2-2020,Condo/Co-op,8529 Sands Point Dr,Houston,TX,77036,139000,2,2.0,Townhomes On Park Ph 02,1023,89052,1982,456,136,330,Sold,,,http://www.redfin.com/TX/Houston/8529-Sands-Point-Dr-77036/home/30525055,HARMLS,22207234,N,Y,29.71424,-95.533256
PAST SALE,September-23-2020,Condo/Co-op,8187 Sands Point Dr #132,Houston,TX,77036,97000,2,2.0,Townhomes On Park Ph 03,1103,92513,1982,251,88,399,Sold,,,http://www.redfin.com/TX/Houston/8187-Sands-Point-Dr-77036/unit-132/home/30525111,HARMLS,53883601,N,Y,29.7144515,-95.5269127
PAST SALE,January-17-2020,Townhouse,6000 Reims Rd #3606,Houston,TX,77036,155000,2,2.5,Galleria Diplomat T/h Condo,1640,,1984,501,95,360,Sold,,,http://www.redfin.com/TX/Houston/6000-Reims-Rd-77036/unit-3606/home/30589429,HARMLS,25617843,N,Y,29.7154252,-95.5170723
PAST SALE,April-23-2019,Townhouse,6000 Reims Rd #3704,Houston,TX,77036,147900,2,2.5,Galleria Diplomat T/h Condo,1640,518313,1984,770,90,360,Sold,,,http://www.redfin.com/TX/Houston/6000-Reims-Rd-77036/unit-3704/home/30589420,HARMLS,86127974,N,Y,29.7154252,-95.5170723
PAST SALE,August-28-2019,Condo/Co-op,6000 Reims Rd #4202,Houston,TX,77036,152500,2,2.5,Galleria Diplomat T/h Condo,1640,518313,1984,643,93,370,Sold,,,http://www.redfin.com/TX/Houston/6000-Reims-Rd-77036/unit-4202/home/30589448,HARMLS,55434728,N,Y,29.7154252,-95.5170723
PAST SALE,January-24-2020,Single Family Residential,8002 Golf Green Cir,Houston,TX,77036,225000,4,2.5,Golf Green Garden Homes 02 Amd,2078,4000,1998,494,108,46,Sold,,,http://www.redfin.com/TX/Houston/8002-Golf-Green-Cir-77036/home/30677942,HARMLS,46720900,N,Y,29.7098615,-95.5263186
PAST SALE,October-5-2020,Single Family Residential,7214 Harmony Cv,Houston,TX,77036,205000,2,2.5,Windwater Village At Regency,1670,1863,2000,239,123,305,Sold,,,http://www.redfin.com/TX/Houston/7214-Harmony-Cv-77036/home/30699728,HARMLS,79023871,N,Y,29.7139634,-95.5087655
PAST SALE,August-14-2020,Single Family Residential,6019 N Arrowana Ln,Houston,TX,77036,315500,3,2.5,Windwater Village At Regency,2300,1700,2002,291,137,300,Sold,,,http://www.redfin.com/TX/Houston/6019-N-Arrowana-Ln-77036/home/30699709,HARMLS,33507906,N,Y,29.7141827,-95.5070135
PAST SALE,April-15-2019,Townhouse,6035 N Arrowana Ln,Houston,TX,77036,274000,3,2.5,Windwater Village At Regency,2116,1550,2000,778,129,273,Sold,,,http://www.redfin.com/TX/Houston/6035-N-Arrowana-Ln-77036/home/30699713,HARMLS,97709520,N,Y,29.7138218,-95.5070135
PAST SALE,September-30-2019,Townhouse,6107 Windwater Pointe,Houston,TX,77036,225000,2,2.5,Windwater Village At Regency,1480,1752,2000,610,152,312,Sold,,,http://www.redfin.com/TX/Houston/6107-Windwater-Pointe-77036/home/30699856,HARMLS,5666836,N,Y,29.7134907,-95.5073824
PAST SALE,August-14-2020,Single Family Residential,7111 Harmony Cv,Houston,TX,77036,229000,3,2.5,Windwater Village At Regency,1848,2066,2000,291,124,273,Sold,,,http://www.redfin.com/TX/Houston/7111-Harmony-Cv-77036/home/30695984,HARMLS,70229998,N,Y,29.7140338,-95.5073414
PAST SALE,July-10-2020,Single Family Residential,7138 Windwater Pkwy N,Houston,TX,77036,279999,3,3.5,Windwater Village At Regency,2368,2128,2000,326,118,300,Sold,,,http://www.redfin.com/TX/Houston/7138-Windwater-Pkwy-N-77036/home/30699824,HARMLS,49782041,N,Y,29.7138244,-95.5080381
PAST SALE,October-19-2018,Condo/Co-op,10203 Forum Park Dr #219,Houston,TX,77036,35000,1,1.0,Ashwood Condo,684,129341,1979,956,51,,Sold,,,http://www.redfin.com/TX/Houston/10203-Forum-Park-Dr-77036/unit-219/home/30449851,HARMLS,22327957,N,Y,29.6698686,-95.554386
PAST SALE,March-17-2020,Condo/Co-op,7200 Clarewood Dr #1107,Houston,TX,77036,70000,2,2.0,Cedar Mill Condo Ph 02,938,90076,1977,441,75,227,Sold,,,http://www.redfin.com/TX/Houston/7200-Clarewood-Dr-77036/unit-1107/home/168862461,HARMLS,71208460,N,Y,29.710695,-95.5114229
PAST SALE,August-5-2019,Condo/Co-op,7200 Clarewood Dr #1002,Houston,TX,77036,55000,2,1.0,Cedar Mill Condo Ph 02,885,90076,1977,666,62,245,Sold,,,http://www.redfin.com/TX/Houston/7200-Clarewood-Dr-77036/unit-1002/home/77534185,HARMLS,48945862,N,Y,29.7103182,-95.5115421
PAST SALE,March-4-2020,Condo/Co-op,7510 Hornwood Drive Dr #1605,Houston,TX,77036,95000,2,2.0,Sussex Condo East,1110,,1966,454,86,423,Sold,,,http://www.redfin.com/TX/Houston/7510-Hornwood-Dr-77036/unit-1605/home/170348760,HARMLS,67071706,N,Y,29.7111599,-95.5162554
PAST SALE,August-10-2020,Condo/Co-op,7520 Hornwood Dr #1406,Houston,TX,77036,63000,2,1.0,Sussex Condo West,660,,1966,295,95,248,Sold,,,http://www.redfin.com/TX/Houston/7520-Hornwood-Dr-77036/unit-1406/home/113497251,HARMLS,27076895,N,Y,29.7111088,-95.517485
PAST SALE,September-18-2018,Condo/Co-op,7200 Clarewood Dr #1810,Houston,TX,77036,65000,2,2.0,Cedar Mill Condo Ph 03,938,81339,1977,987,69,250,Sold,,,http://www.redfin.com/TX/Houston/7200-Clarewood-Dr-77036/unit-1810/home/146224223,HARMLS,84234995,N,Y,29.710695,-95.5114229
PAST SALE,August-16-2018,Condo/Co-op,7510 Hornwood Dr #303,Houston,TX,77036,79900,3,2.0,Sussex Condo East,1115,95698,1966,1020,72,409,Sold,,,http://www.redfin.com/TX/Houston/7510-Hornwood-Dr-77036/unit-303/home/30447351,HARMLS,48409041,N,Y,29.7111599,-95.5162554
PAST SALE,February-15-2019,Condo/Co-op,7510 Hornwood Dr #9,Houston,TX,77036,129500,3,3.0,Sussex Condo East,1770,95698,1966,837,73,742,Sold,,,http://www.redfin.com/TX/Houston/7510-Hornwood-Dr-77036/unit-9/home/30447421,HARMLS,10945752,N,Y,29.7111599,-95.5162554
PAST SALE,November-8-2018,Condo/Co-op,7510 Hornwood Dr #1507,Houston,TX,77036,69900,2,2.0,Sussex Condo East,871,,1966,936,80,317,Sold,,,http://www.redfin.com/TX/Houston/7510-Hornwood-Dr-77036/unit-1507/home/30447468,HARMLS,11398867,N,Y,29.7111599,-95.5162554
PAST SALE,February-21-2019,Condo/Co-op,6161 Reims #809,Houston,TX,77036,43800,2,1.0,Summerset Landing Condo,876,,1977,831,50,207,Sold,,,http://www.redfin.com/TX/Houston/6161-Reims-Rd-77036/unit-809/home/30448875,HARMLS,10497527,N,Y,29.7121405,-95.51437
PAST SALE,July-28-2020,Condo/Co-op,6161 Reims #103,Houston,TX,77036,59000,2,2.0,Summerset Lndg Condo,934,67939,1977,308,63,209,Sold,,,http://www.redfin.com/TX/Houston/6161-Reims-Rd-77036/unit-103/home/30449082,HARMLS,38153889,N,Y,29.7121405,-95.51437
PAST SALE,August-15-2019,Condo/Co-op,7321 Regency Square Ct,Houston,TX,77036,129500,2,2.5,Regency Court T/h Condo,1470,250759,1982,656,88,405,Sold,,,http://www.redfin.com/TX/Houston/7321-Regency-Square-Ct-77036/home/30547524,HARMLS,61713743,N,Y,29.7152248,-95.511356
PAST SALE,November-1-2019,Townhouse,6000 Reims Rd #2907,Houston,TX,77036,139990,2,2.5,Galleria Diplomat T/h Condo,1640,518313,1984,578,85,370,Sold,,,http://www.redfin.com/TX/Houston/6000-Reims-Rd-77036/unit-2907/home/30589359,HARMLS,50476523,N,Y,29.7154252,-95.5170723
PAST SALE,October-25-2019,Single Family Residential,7731 Romney,Houston,TX,77036,179900,3,2.0,Sharpstown Country Clb Terr,1632,7620,1964,585,110,250,Sold,,,http://www.redfin.com/TX/Houston/7731-Romney-Rd-77036/home/30162840,HARMLS,24041685,N,Y,29.6961674,-95.5247609
PAST SALE,July-29-2019,Townhouse,7150 Windwater Pkwy N,Houston,TX,77036,275000,2,3.5,Windwater Village At Regency,2241,1863,2000,673,123,287,Sold,,,http://www.redfin.com/TX/Houston/7150-Windwater-Pkwy-N-77036/home/30699833,HARMLS,98174012,N,Y,29.7138125,-95.5083249
PAST SALE,October-29-2019,Single Family Residential,7235 Laguna Villas,Houston,TX,77036,330000,4,3.5,Villas di Tuscany,2706,2010,2013,581,122,191,Sold,,,http://www.redfin.com/TX/Houston/7235-Laguna-Villas-77036/home/43490450,HARMLS,44571396,N,Y,29.716668,-95.5101691
PAST SALE,August-26-2019,Single Family Residential,7202 Turtle Lagoon Row,Houston,TX,77036,335000,3,2.5,Lagoon At Windwater Village,2450,2010,2007,645,137,191,Sold,,,http://www.redfin.com/TX/Houston/7202-Turtle-Lagoon-Row-77036/home/30726247,HARMLS,35155543,N,Y,29.7165182,-95.5094314
PAST SALE,February-6-2018,Single Family Residential,5926 Laguna Beach Ln,Houston,TX,77036,390000,4,3.5,Villas Di Tuscany,2712,1512,2011,1211,144,191,Sold,,,http://www.redfin.com/TX/Houston/5926-Laguna-Beach-Ln-77036/home/45417784,HARMLS,22125607,N,Y,29.716273,-95.5088167
PAST SALE,March-24-2020,Single Family Residential,5926 Turtle Beach Ln,Houston,TX,77036,335000,3,2.5,Villas di Tuscany,2703,1620,2013,434,124,191,Sold,,,http://www.redfin.com/TX/Houston/5926-Turtle-Beach-Ln-77036/home/30726002,HARMLS,3746963,N,Y,29.7163184,-95.5085401
PAST SALE,October-9-2019,Single Family Residential,10118 Reedwood Ln,Houston,TX,77036,164990,3,2.0,Westwood South Patio Homes,1619,5000,1984,601,102,28,Sold,,,http://www.redfin.com/TX/Houston/10118-Reedwood-Ln-77036/home/30415132,HARMLS,6761888,N,Y,29.6835296,-95.5540794
PAST SALE,October-15-2020,Single Family Residential,10114 Reedwood Ln,Houston,TX,77036,169900,3,2.0,Westwood South Patio Homes,1545,5000,1984,229,110,31,Sold,,,http://www.redfin.com/TX/Houston/10114-Reedwood-Ln-77036/home/30415131,HARMLS,73408983,N,Y,29.6835816,-95.5539153
PAST SALE,November-20-2018,Single Family Residential,9362 Corner Oaks Ln,Houston,TX,77036,189000,4,2.5,Westwood South Patio Homes,2672,5500,1992,924,71,,Sold,,,http://www.redfin.com/TX/Houston/9362-Corner-Oaks-Ln-77036/home/30415286,HARMLS,49445115,N,Y,29.681918,-95.5548586
PAST SALE,October-30-2020,Condo/Co-op,9350 Country Creek Dr #12,Houston,TX,77036,45000,1,1.0,Westwood Gardens Condo,710,128701,1979,214,63,200,Sold,,,http://www.redfin.com/TX/Houston/9350-Country-Creek-St-77036/unit-12/home/30490594,HARMLS,21632495,N,Y,29.6783729,-95.5495465
PAST SALE,December-30-2020,Condo/Co-op,7520 Hornwood Dr #1205,Houston,TX,77036,88800,2,2.0,Sussex Condo,1109,,1966,153,80,422,Sold,,,http://www.redfin.com/TX/Houston/7520-Hornwood-Dr-77036/unit-1205/home/92224731,HARMLS,73402013,N,Y,29.7111088,-95.517485
PAST SALE,January-8-2021,Condo/Co-op,7520 Hornwood Drive Dr #805,Houston,TX,77036,69900,2,1.0,Sussex Condo West,796,,1966,144,88,300,Sold,,,http://www.redfin.com/TX/Houston/7520-Hornwood-Dr-77036/unit-805/home/143411496,HARMLS,88777907,N,Y,29.7111088,-95.517485
PAST SALE,February-9-2021,Condo/Co-op,7510 Hornwood Dr #801,Houston,TX,77036,72000,2,2.0,Sussex Condo East,870,,1966,112,83,368,Sold,,,http://www.redfin.com/TX/Houston/7510-Hornwood-Dr-77036/unit-801/home/147324548,HARMLS,62116935,N,Y,29.7111599,-95.5162554
PAST SALE,September-10-2019,Single Family Residential,7911 Prestwood Dr,Houston,TX,77036,172500,4,2.0,Sharpstown Country Cl Estate 0,2640,16800,1969,630,65,225,Sold,,,http://www.redfin.com/TX/Houston/7911-Prestwood-Dr-77036/home/30159498,HARMLS,64544659,N,Y,29.7167829,-95.5247609
PAST SALE,August-10-2017,Single Family Residential,7918 Gulfton St,Houston,TX,77036,259000,3,2.0,Sharpstown Country Cl Estate,1998,18600,1968,1391,130,,Sold,,,http://www.redfin.com/TX/Houston/7918-Gulfton-St-77036/home/30159515,HARMLS,11788189,N,Y,29.71611,-95.525302
PAST SALE,June-12-2019,Single Family Residential,7915 Prestwood Dr,Houston,TX,77036,238000,4,2.0,Sharpstown Country Cl Estate 0,2212,14800,1968,720,108,19,Sold,,,http://www.redfin.com/TX/Houston/7915-Prestwood-Dr-77036/home/30159501,HARMLS,88931716,N,Y,29.7167726,-95.5250068
PAST SALE,February-25-2021,Single Family Residential,7718 Gulfton St,Houston,TX,77036,255000,4,2.0,Sharpstown Cc Estates Sec 03 Rep,2420,10450,1969,96,105,21,Sold,,,http://www.redfin.com/TX/Houston/7718-Gulfton-St-77036/home/30159555,HARMLS,25472802,N,Y,29.7155575,-95.5214525
PAST SALE,October-31-2019,Single Family Residential,7803 Prestwood Dr,Houston,TX,77036,229000,3,2.5,Sharpstown Country Cl Estate 0,2104,11574,1969,579,109,19,Sold,,,http://www.redfin.com/TX/Houston/7803-Prestwood-Dr-77036/home/30159547,HARMLS,59960041,N,Y,29.7159899,-95.5221374
PAST SALE,April-30-2021,Townhouse,6029 Fondren Rd #18,Houston,TX,77036,108000,2,1.5,Fondren T/h,1040,69817,1965,32,104,228,Sold,,,http://www.redfin.com/TX/Houston/6029-Fondren-Rd-77036/unit-18/home/30203110,HARMLS,42615470,N,Y,29.7138758,-95.5200981
PAST SALE,March-4-2021,Condo/Co-op,7510 Hornwood Dr #207,Houston,TX,77036,69759,2,2.0,Sussex Condo East,870,,1966,89,80,363,Sold,,,http://www.redfin.com/TX/Houston/7510-Hornwood-Dr-77036/unit-207/home/30447353,HARMLS,49722072,N,Y,29.7111599,-95.5162554
PAST SALE,December-14-2020,Condo/Co-op,7510 Hornwood Dr #901,Houston,TX,77036,69000,2,2.0,Sussex Condo East,869,,1966,169,79,375,Sold,,,http://www.redfin.com/TX/Houston/7510-Hornwood-Dr-77036/unit-901/home/30447424,HARMLS,8381039,N,Y,29.7111599,-95.5162554
PAST SALE,November-29-2018,Condo/Co-op,7520 Hornwood Dr #2,Houston,TX,77036,60000,1,1.0,Sussex Condo West,721,,1966,915,83,270,Sold,,,http://www.redfin.com/TX/Houston/7520-Hornwood-Dr-77036/unit-2/home/30447448,HARMLS,11600428,N,Y,29.7111088,-95.517485
PAST SALE,March-13-2020,Condo/Co-op,6161 Reims Rd #8,Houston,TX,77036,61500,2,1.0,Summerset Landing Condo Ph 03,876,131644,1977,445,70,203,Sold,,,http://www.redfin.com/TX/Houston/6161-Reims-Rd-77036/unit-8/home/30448851,HARMLS,95660812,N,Y,29.7121405,-95.51437
PAST SALE,January-28-2021,Condo/Co-op,6001 Reims Rd #402,Houston,TX,77036,45900,1,1.0,Silverfield Condo Ph 01,693,142188,1979,124,66,213,Sold,,,http://www.redfin.com/TX/Houston/6001-Reims-Rd-77036/unit-402/home/30482595,HARMLS,33331063,N,Y,29.7154363,-95.5151888
PAST SALE,August-10-2018,Condo/Co-op,6001 Reims Rd #1102,Houston,TX,77036,69900,1,1.0,Silverfield Condo Ph 02,693,,1980,1026,101,182,Sold,,,http://www.redfin.com/TX/Houston/6001-Reims-Rd-77036/unit-1102/home/30483169,HARMLS,94149675,N,Y,29.7154363,-95.5151888
PAST SALE,January-9-2018,Condo/Co-op,8237 Sands Point Dr #157,Houston,TX,77036,66500,2,2.0,Townhomes On Park Ph 03,1023,92513,1982,1239,65,343,Sold,,,http://www.redfin.com/TX/Houston/8237-Sands-Point-Dr-77036/unit-157/home/30525130,HARMLS,81725665,N,Y,29.714306,-95.527244
PAST SALE,February-25-2021,Condo/Co-op,8355 Sands Point Dr #216,Houston,TX,77036,78000,1,1.0,Townhomes On Park Ph 04,961,93657,1983,96,81,315,Sold,,,http://www.redfin.com/TX/Houston/8355-Sands-Point-Dr-77036/unit-216/home/30524958,HARMLS,64441065,N,Y,29.714292,-95.529219
PAST SALE,October-19-2018,Townhouse,7400 Belerive Dr #204,Houston,TX,77036,89995,2,1.5,Bellerive Condo,1104,,1982,956,82,294,Sold,,,http://www.redfin.com/TX/Houston/7400-Bellerive-Dr-77036/unit-204/home/30540774,HARMLS,38053724,N,Y,29.7136708,-95.514452
PAST SALE,October-16-2018,Townhouse,7395 Regency Square Ct #7395,Houston,TX,77036,129500,2,2.5,Regency Court T/h Condo,1533,250759,1982,959,84,375,Sold,,,http://www.redfin.com/TX/Houston/7395-Regency-Square-Ct-77036/unit-7395/home/30547513,HARMLS,4542320,N,Y,29.715527,-95.5114959
PAST SALE,August-13-2020,Condo/Co-op,6000 Reims Rd #2402,Houston,TX,77036,164500,2,2.5,Galleria Diplomat T/h Condo,1640,518313,1984,292,100,370,Sold,,,http://www.redfin.com/TX/Houston/6000-Reims-Rd-77036/unit-2402/home/30589312,HARMLS,91850524,N,Y,29.7154252,-95.5170723
PAST SALE,October-5-2018,Townhouse,6000 Reims Rd #2405,Houston,TX,77036,149900,2,2.5,Galleria Diplomat T/h Condo,1640,518313,1984,970,91,360,Sold,,,http://www.redfin.com/TX/Houston/6000-Reims-Rd-77036/unit-2405/home/30589325,HARMLS,36525075,N,Y,29.7154252,-95.5170723
PAST SALE,November-13-2020,Single Family Residential,6115 Stoney Brook Dr,Houston,TX,77036,285000,3,3.5,Windwater Village At Regency,2698,2043,2000,200,106,282,Sold,,,http://www.redfin.com/TX/Houston/6115-Stoneybrook-Dr-77036/home/30699704,HARMLS,46756212,N,Y,29.7134593,-95.5092265
PAST SALE,April-30-2020,Single Family Residential,7250 Harmony Cv,Houston,TX,77036,264990,3,3.5,Windwater Village At Regency,2241,1863,2000,397,118,282,Sold,,,http://www.redfin.com/TX/Houston/7250-Harmony-Cv-77036/home/30699700,HARMLS,90106850,N,Y,29.7133793,-95.5089806
PAST SALE,February-25-2021,Townhouse,7135 Harmony Cv,Houston,TX,77036,232000,3,2.5,Windwater Village At Regency,1896,2066,2000,96,122,300,Sold,,,http://www.redfin.com/TX/Houston/7135-Harmony-Cv-77036/home/30699818,HARMLS,70587728,N,Y,29.7140099,-95.5079151
PAST SALE,September-4-2019,Single Family Residential,5939 Turtle Beach Ln,Houston,TX,77036,309000,3,2.5,Villas di Tuscay,2416,1700,2008,636,128,191,Sold,,,http://www.redfin.com/TX/Houston/5939-Turtle-Beach-Ln-77036/home/30725742,HARMLS,44292357,N,Y,29.7161147,-95.508284
PAST SALE,September-25-2020,Single Family Residential,7138 Laguna Villas,Houston,TX,77036,315000,3,3.5,Villas di Tuscany,2316,1664,2015,249,136,191,Sold,,,http://www.redfin.com/TX/Houston/7138-Laguna-Villas-77036/home/30726214,HARMLS,34999430,N,Y,29.716968,-95.5093085
PAST SALE,March-2-2020,Single Family Residential,7142 Laguna Villas,Houston,TX,77036,325000,3,3.5,Villas di Tuscany,2316,1600,2016,456,140,191,Sold,,,http://www.redfin.com/TX/Houston/7142-Laguna-Villas-77036/home/30726213,HARMLS,20121685,N,Y,29.7169744,-95.5093085
PAST SALE,September-10-2020,Single Family Residential,7206 Laguna Villas,Houston,TX,77036,320000,3,3.5,Villas di Tuscany,2316,1600,2016,264,138,191,Sold,,,http://www.redfin.com/TX/Houston/7206-Laguna-Villas-77036/home/30726212,HARMLS,52713063,N,Y,29.7169503,-95.5095111
PAST SALE,May-17-2021,Single Family Residential,7230 Laguna Villas,Houston,TX,77036,329000,3,3.5,Villas di Tuscany,2316,1600,2016,15,142,191,Sold,,,http://www.redfin.com/TX/Houston/7230-Laguna-Villas-77036/home/30726221,HARMLS,66438184,N,Y,29.7169034,-95.5101136
PAST SALE,July-22-2019,Single Family Residential,8114 Beechnut St,Houston,TX,77036,175000,6,4.0,Sharpstown Country Club Terrace,3248,9768,1970,680,54,,Sold,,,http://www.redfin.com/TX/Houston/8114-Beechnut-St-77036/home/167132821,HARMLS,62071744,N,Y,29.6928501,-95.5291268
PAST SALE,December-3-2020,Single Family Residential,7919 Bellaire Blvd,Houston,TX,77036,300000,3,2.0,Sharpstown Cc Terrace,2077,11178,1958,180,144,,Sold,,,http://www.redfin.com/TX/Houston/7919-Bellaire-Blvd-77036/home/30133854,HARMLS,7278952,N,Y,29.7047556,-95.5265236
PAST SALE,March-16-2021,Single Family Residential,8315 Bellaire Blvd,Houston,TX,77036,319900,4,2.5,Sharpstown Country Club Terrac,2239,11040,1960,77,143,21,Sold,,,http://www.redfin.com/TX/Houston/8315-Bellaire-Blvd-77036/home/30133889,HARMLS,87052475,N,Y,29.7047037,-95.5320991
PAST SALE,August-6-2019,Single Family Residential,8527 Mobud Dr,Houston,TX,77036,219000,4,2.0,Sharpstown Country Club Terrac,1866,9370,1965,665,117,33,Sold,,,http://www.redfin.com/TX/Houston/8527-Mobud-Dr-77036/home/30161890,HARMLS,6700135,N,Y,29.7020402,-95.5359326
PAST SALE,October-19-2020,Single Family Residential,8515 Neff St,Houston,TX,77036,227000,4,2.5,Sharpstown Country Club Terrac,2184,8040,1964,225,104,21,Sold,,,http://www.redfin.com/TX/Houston/8515-Neff-St-77036/home/30161980,HARMLS,94585070,N,Y,29.7011687,-95.5351946
PAST SALE,December-28-2020,Single Family Residential,8018 Mobud Dr,Houston,TX,77036,297500,4,2.0,Sharpstown Cc Terrace Sec 02,1972,10214,1962,155,151,21,Sold,,,http://www.redfin.com/TX/Houston/8018-Mobud-Dr-77036/home/30162077,HARMLS,68542782,N,Y,29.7025692,-95.527569
PAST SALE,October-15-2018,Multi-Family (2-4 Unit),7307 S Gessner Rd,Houston,TX,77036,279000,0,,Sharpstown Country Club Terrac,3200,9897,1968,960,87,,Sold,,,http://www.redfin.com/TX/Houston/7307-S-Gessner-Rd-77036/home/30162374,HARMLS,86845720,N,Y,29.6985382,-95.5376091
PAST SALE,April-6-2020,Single Family Residential,7202 Redding Rd,Houston,TX,77036,219900,4,2.0,Sharpstown Country Club Terrac,2259,9400,1965,421,97,21,Sold,,,http://www.redfin.com/TX/Houston/7202-Redding-Rd-77036/home/30162389,HARMLS,95853424,N,Y,29.7011859,-95.5364041
PAST SALE,April-3-2019,Single Family Residential,8403 Stroud,Houston,TX,77036,205000,4,2.0,Sharpstown Country Club Terrac,2036,8160,1966,790,101,,Sold,,,http://www.redfin.com/TX/Houston/8403-Stroud-Dr-77036/home/30162446,HARMLS,8084589,N,Y,29.6987428,-95.5333291
PAST SALE,October-31-2019,Single Family Residential,7418 Burning Tree Dr,Houston,TX,77036,199000,4,2.0,Sharpstown Country Club Terrac,2004,7920,1966,579,99,21,Sold,,,http://www.redfin.com/TX/Houston/7418-Burning-Tree-Dr-77036/home/30162461,HARMLS,66712350,N,Y,29.6973022,-95.5354201
PAST SALE,November-20-2020,Single Family Residential,7423 Redding Rd,Houston,TX,77036,235000,3,2.0,Sharpstown Cntry Club Terrace Sec 2,1675,7812,1966,193,140,,Sold,,,http://www.redfin.com/TX/Houston/7423-Redding-Rd-77036/home/30162478,HARMLS,61327482,N,Y,29.696991,-95.5358506
PAST SALE,March-8-2021,Single Family Residential,8334 Sharpcrest St,Houston,TX,77036,276000,4,2.0,Sharpstown Cc Terrace Sec 02,1962,8330,1965,85,141,19,Sold,,,http://www.redfin.com/TX/Houston/8334-Sharpcrest-St-77036/home/30162681,HARMLS,32390794,N,Y,29.6960336,-95.5323041
PAST SALE,December-2-2020,Single Family Residential,8419 Sharpview Dr,Houston,TX,77036,268888,3,2.0,Sharpstown Country Club Terrac,2014,10230,1966,181,134,21,Sold,,,http://www.redfin.com/TX/Houston/8419-Sharpview-Dr-77036/home/30162752,HARMLS,78454358,N,Y,29.6978714,-95.5342106
PAST SALE,September-26-2019,Single Family Residential,8023 Triola Ln,Houston,TX,77036,216000,4,2.0,Sharpstown Country Club Terrac,1836,8712,1964,614,118,21,Sold,,,http://www.redfin.com/TX/Houston/8023-Triola-Ln-77036/home/30162764,HARMLS,40382887,N,Y,29.697086,-95.527077
PAST SALE,May-23-2019,Single Family Residential,8019 Triola Ln,Houston,TX,77036,136000,3,2.0,Sharpstown Country Club Terrac,1836,8784,1964,740,74,21,Sold,,,http://www.redfin.com/TX/Houston/8019-Triola-Ln-77036/home/30162765,HARMLS,10326972,N,Y,29.6970277,-95.5268516
PAST SALE,October-21-2020,Single Family Residential,7911 Barberton Dr,Houston,TX,77036,215000,4,2.0,Sharpstown Country Club Terrac,1798,9165,1967,223,120,,Sold,,,http://www.redfin.com/TX/Houston/7911-Barberton-Dr-77036/home/30162896,HARMLS,81864738,N,Y,29.6936212,-95.5263186
PAST SALE,December-17-2020,Single Family Residential,7918 Redding Rd,Houston,TX,77036,229999,5,2.0,Sharpstown Country Club Terrac,2224,11448,1970,166,103,250,Sold,,,http://www.redfin.com/TX/Houston/7918-Redding-Rd-77036/home/30162990,HARMLS,54506989,N,Y,29.6920427,-95.5349691
PAST SALE,January-8-2021,Single Family Residential,8119 Concho St,Houston,TX,77036,295990,5,4.0,Sharpstown Country Clb Terr,3219,8052,1966,144,92,,Sold,,,http://www.redfin.com/TX/Houston/8119-Concho-St-77036/home/30163049,HARMLS,40958323,N,Y,29.6940031,-95.5290653
PAST SALE,March-1-2021,Single Family Residential,9202 Leader St,Houston,TX,77036,255000,4,2.0,Sharpstown Country Club Terrac,1895,7320,1969,92,135,21,Sold,,,http://www.redfin.com/TX/Houston/9202-Leader-St-77036/home/30163209,HARMLS,64375005,N,Y,29.7041612,-95.545097
PAST SALE,April-14-2021,Single Family Residential,8115 Langdon Ln,Houston,TX,77036,279900,3,2.0,Sharpstown Country Club Terrac,1675,7865,1966,48,167,21,Sold,,,http://www.redfin.com/TX/Houston/8115-Langdon-Ln-77036/home/30163341,HARMLS,25158810,N,Y,29.694834,-95.5286144
PAST SALE,October-30-2020,Single Family Residential,8831 Roos Rd,Houston,TX,77036,235000,4,2.0,Sharpstown Country Club Terrac,1888,8175,1969,214,124,,Sold,,,http://www.redfin.com/TX/Houston/8831-Roos-Rd-77036/home/30163408,HARMLS,65914987,N,Y,29.6995644,-95.5406684
PAST SALE,March-12-2021,Single Family Residential,9210 Stroud Dr,Houston,TX,77036,249000,4,2.0,Sharpstown Country Club Terrac,1789,8228,1970,81,139,,Sold,,,http://www.redfin.com/TX/Houston/9210-Stroud-Dr-77036/home/30163563,HARMLS,66235681,N,Y,29.7003114,-95.5454661
PAST SALE,March-26-2021,Single Family Residential,9415 Roos Rd,Houston,TX,77036,320000,4,2.5,Sharpstown Country Club Terrac,3119,8142,1970,67,103,,Sold,,,http://www.redfin.com/TX/Houston/9415-Roos-Rd-77036/home/30163568,HARMLS,12953374,N,Y,29.7012112,-95.5493005
PAST SALE,May-15-2018,Single Family Residential,8830 Sandstone St,Houston,TX,77036,254950,4,2.0,Sharpstown Country Club Terr,2683,8760,1969,1113,95,14,Sold,,,http://www.redfin.com/TX/Houston/8830-Sandstone-Rd-77036/home/30163597,HARMLS,56111845,N,Y,29.6974944,-95.5405454
PAST SALE,October-26-2018,Single Family Residential,8815 Stroud Dr,Houston,TX,77036,234900,4,2.0,Sharpstown Country Club Terrac,1901,8605,1968,949,124,250,Sold,,,http://www.redfin.com/TX/Houston/8815-Stroud-Dr-77036/home/30163629,HARMLS,48907920,N,Y,29.6986964,-95.5398483
PAST SALE,November-12-2020,Single Family Residential,7102 Captain Dr,Houston,TX,77036,215000,3,2.0,Sharpstown Country Club Terrac,1658,8400,1965,201,130,,Sold,,,http://www.redfin.com/TX/Houston/7102-Captain-Dr-77036/home/30163668,HARMLS,29685550,N,Y,29.7024852,-95.5420216
PAST SALE,August-23-2018,Single Family Residential,8822 Mobud Dr,Houston,TX,77036,235000,4,2.0,Sharpstown Country Club Terrac,1678,9288,1967,1013,140,14,Sold,,,http://www.redfin.com/TX/Houston/8822-Mobud-Dr-77036/home/30163704,HARMLS,50383448,N,Y,29.7024972,-95.5401148
PAST SALE,February-11-2019,Single Family Residential,8522 De Moss Dr,Houston,TX,77036,269900,5,3.5,Sharpstown Cntry Club Sec 03 R,2938,9720,1964,841,92,,Sold,,,http://www.redfin.com/TX/Houston/8522-De-Moss-Dr-77036/home/30188515,HARMLS,31199641,N,Y,29.7083659,-95.5356866
PAST SALE,November-19-2020,Single Family Residential,9230 Rowan Ln,Houston,TX,77036,279900,4,2.5,Sharpstown Country Club Terrac,2374,8925,1971,194,118,19,Sold,,,http://www.redfin.com/TX/Houston/9230-Rowan-Ln-77036/home/30163798,HARMLS,52688402,N,Y,29.7021403,-95.5459582
PAST SALE,October-30-2017,Single Family Residential,9422 Rowan Ln,Houston,TX,77036,285000,5,2.0,Sharpstown Country Club Terr,2926,8591,1971,1310,97,19,Sold,,,http://www.redfin.com/TX/Houston/9422-Rowan-Ln-77036/home/30163821,HARMLS,86063298,N,Y,29.7024606,-95.5496285
PAST SALE,May-30-2019,Single Family Residential,9203 Rowan Ln,Houston,TX,77036,229000,4,2.5,Sharpstown Country Club Terrac,2652,9240,1970,733,86,21,Sold,,,http://www.redfin.com/TX/Houston/9203-Rowan-Ln-77036/home/30163842,HARMLS,11005317,N,Y,29.7013398,-95.544605
PAST SALE,April-1-2021,Single Family Residential,9239 Rowan Ln,Houston,TX,77036,180000,4,2.0,Sharpstown Country Club Terrace,1904,8206,1970,61,95,,Sold,,,http://www.redfin.com/TX/Houston/9239-Rowan-Ln-77036/home/30163866,HARMLS,95676119,N,Y,29.7018006,-95.5465323
PAST SALE,June-21-2019,Single Family Residential,9010 Sandstone St,Houston,TX,77036,227500,3,2.0,Sharpstown Country Club Terrac,1835,8073,1969,711,124,,Sold,,,http://www.redfin.com/TX/Houston/9010-Sandstone-Rd-77036/home/30163918,HARMLS,4126351,N,Y,29.6977365,-95.5423086
PAST SALE,November-10-2020,Single Family Residential,9407 Triola Ln,Houston,TX,77036,309900,5,2.5,Sharpstown Country Club Terrac,2845,8327,1972,203,109,,Sold,,,http://www.redfin.com/TX/Houston/9407-Triola-Ln-77036/home/30164094,HARMLS,79053072,N,Y,29.6979067,-95.5490339
PAST SALE,April-5-2021,Single Family Residential,7702 Colony St,Houston,TX,77036,245000,4,2.5,Sharpstown Country Club Terrace,2146,7571,1971,57,114,21,Sold,,,http://www.redfin.com/TX/Houston/7702-Colony-Dr-77036/home/30164270,HARMLS,51161900,N,Y,29.6954506,-95.5489724
PAST SALE,August-28-2018,Single Family Residential,7819 Augustine Dr,Houston,TX,77036,239500,4,3.0,Sharpstown Country Club Terrac,2029,8280,1967,1008,118,,Sold,,,http://www.redfin.com/TX/Houston/7819-Augustine-Dr-77036/home/30164643,HARMLS,71301975,N,Y,29.6921932,-95.5383927
PAST SALE,October-1-2019,Single Family Residential,7919 La Roche Ln,Houston,TX,77036,184900,4,2.0,Sharpstown Country Club Terrac,1928,8710,1967,609,96,21,Sold,,,http://www.redfin.com/TX/Houston/7919-La-Roche-Ln-77036/home/30164715,HARMLS,64999792,N,Y,29.6913068,-95.5374702
PAST SALE,January-8-2021,Single Family Residential,8511 Hiawatha Dr,Houston,TX,77036,333000,5,2.5,Sharpstown Cntry Club Sec,2864,15590,1975,144,116,,Sold,,,http://www.redfin.com/TX/Houston/8511-Hiawatha-Dr-77036/home/30188328,HARMLS,87873173,N,Y,29.7063307,-95.5341901
PAST SALE,January-17-2020,Single Family Residential,6302 Burning Tree Dr,Houston,TX,77036,240000,3,2.0,Sharpstown Country Club,2332,13430,1967,501,103,21,Sold,,,http://www.redfin.com/TX/Houston/6302-Burning-Tree-Dr-77036/home/30188477,HARMLS,25975238,N,Y,29.7121687,-95.5353586
PAST SALE,November-19-2018,Single Family Residential,6110 Burning Tree Dr,Houston,TX,77036,230000,3,2.0,Sharpstown Country Clbu,2992,12798,1968,925,77,18,Sold,,,http://www.redfin.com/TX/Houston/6110-Burning-Tree-Dr-77036/home/30188444,HARMLS,67576010,N,Y,29.7131611,-95.5353586
PAST SALE,April-5-2019,Single Family Residential,8527 De Moss Dr,Houston,TX,77036,299990,4,2.5,Sharpstown Cntry Club Sec 03 R,2650,10800,1964,788,113,,Sold,,,http://www.redfin.com/TX/Houston/8527-De-Moss-Dr-77036/home/30188509,HARMLS,42985309,N,Y,29.7079011,-95.5360146
PAST SALE,May-11-2021,Single Family Residential,6514 Redding Rd,Houston,TX,77036,289900,4,2.0,Sharpstown Cntry Club Sec 03 R,2075,12231,1967,21,140,,Sold,,,http://www.redfin.com/TX/Houston/6514-Redding-Rd-77036/home/30188491,HARMLS,98325752,N,Y,29.7100675,-95.5365271
PAST SALE,April-16-2021,Single Family Residential,8518 De Moss Dr,Houston,TX,77036,230000,4,2.0,Sharpstown Cntry Club Sec 03 R,1685,9720,1964,46,136,,Sold,,,http://www.redfin.com/TX/Houston/8518-De-Moss-Dr-77036/home/30188514,HARMLS,81803981,N,Y,29.7083527,-95.5354611
PAST SALE,March-31-2021,Single Family Residential,8515 De Moss Dr,Houston,TX,77036,262000,5,2.5,Sharpstown Cntry Club Sec 03 R,2674,10200,1965,62,98,21,Sold,,,http://www.redfin.com/TX/Houston/8515-De-Moss-Dr-77036/home/30188554,HARMLS,3029398,N,Y,29.7079387,-95.5351126
PAST SALE,February-22-2021,Single Family Residential,8514 Dashwood Dr,Houston,TX,77036,274900,4,2.0,Sharpstown Cntry Club Sec 03 R,2178,9720,1964,99,126,,Sold,,,http://www.redfin.com/TX/Houston/8514-Dashwood-Dr-77036/home/30188547,HARMLS,41044099,N,Y,29.707563,-95.5349281
PAST SALE,February-19-2020,Townhouse,7422 S Gessner Rd,Houston,TX,77036,110000,2,1.5,Gessner T/h Condo,1368,27224,1966,468,80,200,Sold,,,http://www.redfin.com/TX/Houston/7422-S-Gessner-Rd-77036/home/30212148,HARMLS,912552,N,Y,29.696871,-95.538198
PAST SALE,March-11-2021,Townhouse,7830 Kendalia Dr,Houston,TX,77036,179000,4,3.0,Westwood Village Sec 01,2520,1862,1977,82,71,243,Sold,,,http://www.redfin.com/TX/Houston/7830-Kendalia-Dr-77036/home/30325478,HARMLS,56094290,N,Y,29.6923675,-95.5477216
PAST SALE,March-15-2021,Townhouse,9901 Sharpcrest Unit A 4,Houston,TX,77036,119000,3,2.5,Oxford Court TH,1584,,1980,78,75,279,Sold,,,http://www.redfin.com/TX/Houston/9901-Sharpcrest-St-77036/unit-A4/home/30366863,HARMLS,5987839,N,Y,29.6953452,-95.5544577
PAST SALE,May-27-2021,Townhouse,9249 Westwood Village Dr,Houston,TX,77036,149500,2,2.5,Westwood Village Sec 04 R/p,1566,1392,1977,5,95,243,Sold,,,http://www.redfin.com/TX/Houston/9249-Westwood-Village-Dr-77036/home/30381141,HARMLS,47208450,N,Y,29.6929997,-95.5488028
PAST SALE,January-3-2019,Condo/Co-op,9350 Country Creek Dr #11,Houston,TX,77036,41900,1,1.0,Westwood Gardens Condo Ph I,710,128701,1979,880,59,185,Sold,,,http://www.redfin.com/TX/Houston/9350-Country-Creek-St-77036/unit-11/home/147706375,HARMLS,45436588,N,Y,29.6785466,-95.5497106
PAST SALE,February-20-2020,Condo/Co-op,6000 Reims Rd #2503,Houston,TX,77036,149900,2,2.5,Galleria Diplomat T/h Condo,1640,518313,1984,467,91,370,Sold,,,http://www.redfin.com/TX/Houston/6000-Reims-Rd-77036/unit-2503/home/30589319,HARMLS,75990960,N,Y,29.7154252,-95.5170723
PAST SALE,May-24-2021,Single Family Residential,"9623 Sharpcrest Street, Houston",Houston,TX,77036,239000,4,3.5,Westwood Patio Homes,2463,6830,1978,8,97,19,Sold,,,http://www.redfin.com/TX/Houston/9623-Sharpcrest-St-77036/home/30406049,HARMLS,8687030,N,Y,29.6959318,-95.5520277
PAST SALE,February-26-2021,Single Family Residential,9602 Oregano Cir,Houston,TX,77036,192000,3,2.0,Westwood Patio Hms Corr P,1902,5000,1978,95,101,,Sold,,,http://www.redfin.com/TX/Houston/9602-Oregano-Cir-77036/home/30406081,HARMLS,36073156,N,Y,29.6949971,-95.551187
PAST SALE,February-25-2021,Single Family Residential,9514 Tarragon Ln,Houston,TX,77036,248000,4,2.5,Westwood Patio Homes,2209,5477,1979,96,112,19,Sold,,,http://www.redfin.com/TX/Houston/9514-Tarragon-Ln-77036/home/30406127,HARMLS,80871649,N,Y,29.6970991,-95.5510844
PAST SALE,August-9-2019,Single Family Residential,9607 Stroud Dr,Houston,TX,77036,199000,3,2.0,Westwood Patio Homes,1926,5000,1978,662,103,19,Sold,,,http://www.redfin.com/TX/Houston/9607-Stroud-Dr-77036/home/30406164,HARMLS,24201745,N,Y,29.7002866,-95.5514535
PAST SALE,September-12-2019,Single Family Residential,9622 Sandstone Rd,Houston,TX,77036,198000,3,2.0,Westwood Patio Hms Corr P,1556,5830,1980,628,127,21,Sold,,,http://www.redfin.com/TX/Houston/9622-Sandstone-Rd-77036/home/30406194,HARMLS,73289079,N,Y,29.6992901,-95.5520892
PAST SALE,May-21-2021,Condo/Co-op,9201 Clarewood Dr #184,Houston,TX,77036,125000,2,2.0,Louisville Court Condo,1028,462350,1979,11,122,240,Sold,,,http://www.redfin.com/TX/Houston/9201-Clarewood-Dr-77036/unit-184/home/30634839,HARMLS,57482223,N,Y,29.7065756,-95.5474166
PAST SALE,January-13-2021,Townhouse,8445 Sands Point Dr,Houston,TX,77036,85000,1,1.0,Townhomes On Park Ph 01,735,97066,1980,139,116,240,Sold,,,http://www.redfin.com/TX/Houston/8445-Sands-Point-Dr-77036/home/30525265,HARMLS,6142361,N,Y,29.7143243,-95.5315339
PAST SALE,March-1-2021,Condo/Co-op,8567 Sands Point Dr,Houston,TX,77036,90000,1,1.0,Townhomes On Park Ph 02,838,89052,1982,92,107,270,Sold,,,http://www.redfin.com/TX/Houston/8567-Sands-Point-Dr-77036/unit-96/home/30525073,HARMLS,18377844,N,Y,29.71424,-95.533256
PAST SALE,May-15-2019,Condo/Co-op,8573 Sands Point Dr,Houston,TX,77036,49000,1,1.0,Townhomes On Park Ph 02,758,89052,1982,748,65,240,Sold,,,http://www.redfin.com/TX/Houston/8573-Sands-Point-Dr-77036/home/30525076,HARMLS,20591322,N,Y,29.7143575,-95.533751
PAST SALE,March-23-2020,Condo/Co-op,8159 Sands Point Dr #118,Houston,TX,77036,97999,2,2.0,Townhomes On The Park,1103,92513,1982,435,89,343,Sold,,,http://www.redfin.com/TX/Houston/8159-Sands-Point-Dr-77036/unit-118/home/30525092,HARMLS,89604345,N,Y,29.714306,-95.527244
PAST SALE,May-21-2021,Townhouse,8277 Sands Point Dr #177,Houston,TX,77036,79900,1,1.0,Townhomes On Park,832,93657,1983,11,96,300,Sold,,,http://www.redfin.com/TX/Houston/8277-Sands-Point-Dr-77036/unit-177/home/30524921,HARMLS,48018325,N,Y,29.714292,-95.529219
PAST SALE,July-9-2020,Condo/Co-op,8351 Sands Point Dr,Houston,TX,77036,85000,2,2.0,Townhomes On Park Ph 04,1103,93657,1983,327,77,419,Sold,,,http://www.redfin.com/TX/Houston/8351-Sands-Point-Dr-77036/unit-214/home/30524960,HARMLS,67736015,N,Y,29.7142582,-95.5298219
PAST SALE,June-20-2019,Condo/Co-op,6602 Harbor Town Dr #104,Houston,TX,77036,105999,2,2.0,Harborgreen Condo Ph 01,1096,140557,1982,712,97,340,Sold,,,http://www.redfin.com/TX/Houston/6602-Harbor-Town-Dr-77036/unit-104/home/30535935,HARMLS,41650993,N,Y,29.7086546,-95.5279853
PAST SALE,May-19-2021,Condo/Co-op,6200 Ranchester Dr #164,Houston,TX,77036,78000,1,1.0,Hamilton Court Condo,729,377703,1977,13,107,180,Sold,,,http://www.redfin.com/TX/Houston/6200-Ranchester-Dr-77036/unit-164/home/30625061,HARMLS,51467829,N,Y,29.7103736,-95.5472199
PAST SALE,November-24-2020,Condo/Co-op,9201 Clarewood Dr #200,Houston,TX,77036,139000,2,2.0,Louisville Court Condo,1250,462350,1979,189,111,280,Sold,,,http://www.redfin.com/TX/Houston/9201-Clarewood-Dr-77036/unit-200/home/30634854,HARMLS,56337958,N,Y,29.7069911,-95.5470039
PAST SALE,September-14-2018,Townhouse,7832 Kendalia Dr,Houston,TX,77036,149900,3,2.5,Westwood Village Sec 01,1848,1340,1977,991,81,250,Sold,,,http://www.redfin.com/TX/Houston/7832-Kendalia-Dr-77036/home/30325467,HARMLS,14969339,N,Y,29.6924612,-95.5476396
PAST SALE,December-15-2020,Single Family Residential,9031 Jackwood St,Houston,TX,77036,224900,4,2.0,Sharpstown Country Club Terrac,1820,7936,1968,168,124,,Sold,,,http://www.redfin.com/TX/Houston/9031-Jackwood-St-77036/home/30164914,HARMLS,93116485,N,Y,29.6869846,-95.5437438
PAST SALE,November-10-2020,Single Family Residential,9131 Jackwood St,Houston,TX,77036,198000,3,2.0,Sharpstown Country Club Terrac,2028,8030,1968,203,98,,Sold,,,http://www.redfin.com/TX/Houston/9131-Jackwood-St-77036/home/30164936,HARMLS,39510469,N,Y,29.6869612,-95.5453841
PAST SALE,December-20-2019,Single Family Residential,9107 Grape St,Houston,TX,77036,200000,3,2.0,Sharpstown Country Club Terrac,1704,7680,1968,529,117,,Sold,,,http://www.redfin.com/TX/Houston/9107-Grape-St-77036/home/30164964,HARMLS,52580403,N,Y,29.6878246,-95.5441539
PAST SALE,April-21-2021,Single Family Residential,9103 Grape St,Houston,TX,77036,248000,3,2.0,Sharpstown Country Club Terrac,1644,7680,1968,41,151,,Sold,,,http://www.redfin.com/TX/Houston/9103-Grape-St-77036/home/30164975,HARMLS,20582131,N,Y,29.6878098,-95.5439693
PAST SALE,May-31-2019,Townhouse,8994 Imogene St,Houston,TX,77036,98800,2,1.5,Westwood Country Cl Vista 01,1196,186968,1975,732,83,177,Sold,,,http://www.redfin.com/TX/Houston/8994-Imogene-St-77036/home/30278595,HARMLS,34151684,N,Y,29.6853596,-95.5378187
PAST SALE,July-29-2019,Townhouse,8312 Augustine Dr Unit D,Houston,TX,77036,66960,3,2.5,Greenview T/h Condo,1554,143086,1979,673,43,385,Sold,,,http://www.redfin.com/TX/Houston/8312-Augustine-Dr-77036/unit-D/home/30481556,HARMLS,91470568,N,Y,29.6866451,-95.5388706
PAST SALE,September-2-2020,Townhouse,8320 Augustine Unit C,Houston,TX,77036,89000,2,2.5,Greenview,1229,,1979,272,72,336,Sold,,,http://www.redfin.com/TX/Houston/8320-Augustine-Dr-77036/unit-C/home/30481503,HARMLS,33880148,N,Y,29.6859079,-95.5392743
PAST SALE,May-4-2020,Condo/Co-op,9350 Country Creek Dr #73,Houston,TX,77036,59900,2,2.0,Westwood Gardens Condo,1014,128701,1979,393,59,266,Sold,,,http://www.redfin.com/TX/Houston/9350-Country-Creek-St-77036/unit-73/home/30490657,HARMLS,60149996,N,Y,29.6783729,-95.5495465
PAST SALE,September-24-2020,Condo/Co-op,10203 Forum Park Dr #209,Houston,TX,77036,64990,2,2.0,Ashwood Condo,1062,129341,1979,250,61,305,Sold,,,http://www.redfin.com/TX/Houston/10203-Forum-Park-Dr-77036/unit-209/home/30449971,HARMLS,84967155,N,Y,29.6698686,-95.554386
PAST SALE,March-11-2019,Condo/Co-op,10202 Forum Park Dr #263,Houston,TX,77036,43000,1,1.0,Forum Park Twnhms Ph,754,152022,1981,813,57,270,Sold,,,http://www.redfin.com/TX/Houston/10202-Forum-Park-Dr-77036/unit-263/home/30457771,HARMLS,44428212,N,Y,29.6695252,-95.5566623
PAST SALE,August-24-2020,Townhouse,10211 Sugar Branch Dr #334,Houston,TX,77036,61000,2,2.0,Forum Park Condo Ph 03,1164,146360,1981,281,52,349,Sold,,,http://www.redfin.com/TX/Houston/10211-Sugar-Branch-Dr-77036/unit-334/home/30523094,HARMLS,17156394,N,Y,29.6699015,-95.5579133
PAST SALE,March-19-2019,Townhouse,8316 Augustine Dr Unit D,Houston,TX,77036,125000,3,2.5,Greenview T/h Condo,1554,1974,1979,805,80,384,Sold,,,http://www.redfin.com/TX/Houston/8316-Augustine-Dr-77036/unit-D/home/147046142,HARMLS,73533703,N,Y,29.6866472,-95.538799
PAST SALE,September-10-2019,Townhouse,8315 Augustine Dr Unit A,Houston,TX,77036,98000,3,2.5,Greenview T/h Condo,1554,,1979,630,63,227,Sold,,,http://www.redfin.com/TX/Houston/8315-Augustine-Dr-77036/unit-A/home/147242225,HARMLS,12916670,N,Y,29.6859536,-95.5387207
PAST SALE,May-15-2020,Single Family Residential,8526 Mobud Dr,Houston,TX,77036,265500,3,2.0,Sharpstown Country Club Terrac,2123,9370,1965,382,125,25,Sold,,,http://www.redfin.com/TX/Houston/8526-Mobud-Dr-77036/home/30162016,HARMLS,42515904,N,Y,29.7024662,-95.5359941
PAST SALE,August-13-2020,Single Family Residential,8019 Mobud Dr,Houston,TX,77036,239000,4,3.0,Sharpstown Country Club Terrac,2223,10122,1962,292,108,,Sold,,,http://www.redfin.com/TX/Houston/8019-Mobud-Dr-77036/home/30162081,HARMLS,30290370,N,Y,29.7021181,-95.527569
PAST SALE,August-21-2020,Single Family Residential,8314 Edgemoor Dr,Houston,TX,77036,175000,3,2.0,Sharpstown Country Club Terrac,1809,9472,1963,284,97,21,Sold,,,http://www.redfin.com/TX/Houston/8314-Edgemoor-Dr-77036/home/30162172,HARMLS,41204493,N,Y,29.703364,-95.5317711
PAST SALE,March-8-2019,Single Family Residential,8023 Sharpview Dr,Houston,TX,77036,229000,3,2.0,Sharpstown Country Club Terrac,1818,8541,1962,816,126,19,Sold,,,http://www.redfin.com/TX/Houston/8023-Sharpview-Dr-77036/home/30162557,HARMLS,83083065,N,Y,29.6979444,-95.5275895
PAST SALE,November-2-2018,Single Family Residential,8419 Carvel Ln,Houston,TX,77036,230000,4,2.0,Sharpstown Country Club Terrac,2053,8470,1961,942,112,21,Sold,,,http://www.redfin.com/TX/Houston/8419-Carvel-Ln-77036/home/30162664,HARMLS,54655574,N,Y,29.6960035,-95.5341081
PAST SALE,October-24-2019,Single Family Residential,8514 Sharpcrest St,Houston,TX,77036,259000,5,2.0,Sharpstown Country Club Terrace,2536,9100,1961,586,102,21,Sold,,,http://www.redfin.com/TX/Houston/8514-Sharpcrest-St-77036/home/30162725,HARMLS,48918616,N,Y,29.6951887,-95.5352561
PAST SALE,December-10-2018,Single Family Residential,8311 Hazen St,Houston,TX,77036,200000,3,2.0,Sharpstown Country Club Terrace,1804,8449,1968,904,111,7,Sold,,,http://www.redfin.com/TX/Houston/8311-Hazen-St-77036/home/30162995,HARMLS,75498580,N,Y,29.6932495,-95.5309102
PAST SALE,October-23-2019,Single Family Residential,7131 Augustine Dr,Houston,TX,77036,160000,3,2.0,Sharpstown Country Club Terrac,1682,9360,1964,587,95,,Sold,,,http://www.redfin.com/TX/Houston/7131-Augustine-Dr-77036/home/30163137,HARMLS,47835876,N,Y,29.7015629,-95.5387207
PAST SALE,December-28-2018,Single Family Residential,8807 Roos Rd,Houston,TX,77036,210000,3,2.0,Sharpstown Country Club Terrac,1600,8175,1967,886,131,21,Sold,,,http://www.redfin.com/TX/Houston/8807-Roos-Rd-77036/home/30163406,HARMLS,83177884,N,Y,29.6994821,-95.5393973
PAST SALE,December-31-2019,Single Family Residential,9006 Roos Rd,Houston,TX,77036,239900,3,2.0,Sharpstown Country Club Terrac,1697,8650,1966,518,141,,Sold,,,http://www.redfin.com/TX/Houston/9006-Roos-Rd-77036/home/30163415,HARMLS,30707781,N,Y,29.7003776,-95.5428007
PAST SALE,August-30-2018,Single Family Residential,8806 Roos Rd,Houston,TX,77036,210000,4,2.0,Sharpstown Country Club Terrac,1713,8285,1969,1006,123,21,Sold,,,http://www.redfin.com/TX/Houston/8806-Roos-Rd-77036/home/30163433,HARMLS,52583502,N,Y,29.6999315,-95.5394383
PAST SALE,August-23-2018,Single Family Residential,7415 Lacy Hill Dr,Houston,TX,77036,269900,4,2.5,Sharpstown Country Club Terrace,2148,8710,1970,1013,126,21,Sold,,,http://www.redfin.com/TX/Houston/7415-Lacy-Hill-Dr-77036/home/30163886,HARMLS,96211825,N,Y,29.6975995,-95.5455891
PAST SALE,December-6-2018,Single Family Residential,9215 Sandstone St,Houston,TX,77036,229000,3,2.0,Sharpstown Country Club Terrac,2011,8597,1972,908,114,21,Sold,,,http://www.redfin.com/TX/Houston/9215-Sandstone-Rd-77036/home/30163942,HARMLS,5000488,N,Y,29.6983824,-95.5462863
PAST SALE,October-19-2018,Single Family Residential,8914 Triola Ln,Houston,TX,77036,259988,4,2.0,Sharpstown Country Club Terrac,2266,8900,1967,956,115,,Sold,,,http://www.redfin.com/TX/Houston/8914-Triola-Ln-77036/home/30164095,HARMLS,63398805,N,Y,29.6968383,-95.541673
PAST SALE,August-19-2019,Single Family Residential,8802 Sharpcrest St,Houston,TX,77036,229900,3,2.0,Sharpstown Cntry Cl Terrace 03,1642,8030,1965,652,140,,Sold,,,http://www.redfin.com/TX/Houston/8802-Sharpcrest-St-77036/home/30164231,HARMLS,75809865,N,Y,29.6950279,-95.5391103
PAST SALE,February-28-2020,Single Family Residential,9115 Troulon Dr,Houston,TX,77036,197900,4,2.0,Sharpstown Country Club Terrac,2030,7680,1968,459,97,,Sold,,,http://www.redfin.com/TX/Houston/9115-Troulon-Dr-77036/home/30164383,HARMLS,56792422,N,Y,29.6894748,-95.5445582
PAST SALE,May-23-2019,Single Family Residential,9030 Grape St,Houston,TX,77036,175000,3,2.0,Sharpstown Country Club Terrac,1713,7680,1968,740,102,21,Sold,,,http://www.redfin.com/TX/Houston/9030-Grape-St-77036/home/30164557,HARMLS,83878807,N,Y,29.6882461,-95.5437848
PAST SALE,September-22-2020,Single Family Residential,7703 Augustine Dr,Houston,TX,77036,225000,4,2.0,Sharpstown Country Club Terrac,1968,9000,1967,252,114,21,Sold,,,http://www.redfin.com/TX/Houston/7703-Augustine-Dr-77036/home/30164651,HARMLS,12101049,N,Y,29.693747,-95.5384542
PAST SALE,October-22-2018,Single Family Residential,9014 Jackwood St,Houston,TX,77036,229000,4,3.0,Sharpstown Country Club Terrac,1692,7680,1968,953,135,,Sold,,,http://www.redfin.com/TX/Houston/9014-Jackwood-St-77036/home/30164948,HARMLS,56584574,N,Y,29.6874232,-95.5429647
PAST SALE,April-9-2019,Townhouse,8316 La Roche Ln,Houston,TX,77036,97500,2,2.0,Westwood Country Club Vistas S,1196,64329,1975,784,82,177,Sold,,,http://www.redfin.com/TX/Houston/8316-La-Roche-Ln-77036/home/30278524,HARMLS,43469776,N,Y,29.686128,-95.538156
PAST SALE,June-14-2019,Townhouse,8330 La Roche Ln,Houston,TX,77036,97700,2,2.0,Westwood Country Club Vistas S,1196,64329,1975,718,82,177,Sold,,,http://www.redfin.com/TX/Houston/8330-La-Roche-Ln-77036/unit-1/home/30278531,HARMLS,65566064,N,Y,29.686128,-95.538156
PAST SALE,January-28-2019,Townhouse,7897 Kendalia Dr,Houston,TX,77036,135000,3,2.5,Westwood Village Sec 03,1874,1313,1976,855,72,232,Sold,,,http://www.redfin.com/TX/Houston/7897-Kendalia-Dr-77036/home/30361899,HARMLS,27543239,N,Y,29.693234,-95.547186
PAST SALE,September-17-2018,Townhouse,9901 Sharpcrest St Unit M1,Houston,TX,77036,125000,2,2.5,Oxford Court T/h,1218,770,1980,988,103,262,Sold,,,http://www.redfin.com/TX/Houston/9901-Sharpcrest-St-77036/unit-M1/home/30366942,HARMLS,51114469,N,Y,29.6953452,-95.5544577
PAST SALE,October-30-2020,Townhouse,9340 Westwood Village Dr #70,Houston,TX,77036,132000,2,2.0,Westwood Village Sec 05,1458,1440,1979,214,91,240,Sold,,,http://www.redfin.com/TX/Houston/9340-Westwood-Village-Dr-77036/unit-70/home/30381396,HARMLS,84866928,N,Y,29.6912181,-95.5497948
PAST SALE,October-10-2018,Townhouse,9341 Westwood Village Dr #32,Houston,TX,77036,110000,2,1.0,Westwood Village Sec 05,1100,1440,1979,965,100,231,Sold,,,http://www.redfin.com/TX/Houston/9341-Westwood-Village-Dr-77036/unit-32/home/30381383,HARMLS,47716348,N,Y,29.6921739,-95.5491159
PAST SALE,November-26-2019,Single Family Residential,9522 Sharpcrest St,Houston,TX,77036,229900,3,2.0,Westwood Patio Homes,2023,6000,1982,553,114,19,Sold,,,http://www.redfin.com/TX/Houston/9522-Sharpcrest-St-77036/home/30406033,HARMLS,54780047,N,Y,29.696379,-95.5510434
PAST SALE,June-26-2020,Single Family Residential,9610 Sharpview Dr,Houston,TX,77036,189900,3,2.0,Westwood Patio Homes,1751,5000,1978,340,108,19,Sold,,,http://www.redfin.com/TX/Houston/9610-Sharpview-Dr-77036/home/30406156,HARMLS,58462321,N,Y,29.699964,-95.5516176
PAST SALE,August-26-2019,Single Family Residential,10126 Reedwood Ln,Houston,TX,77036,195000,3,2.5,Westwood South Patio Homes,2491,6305,1984,645,78,31,Sold,,,http://www.redfin.com/TX/Houston/10126-Reedwood-Ln-77036/home/30415134,HARMLS,78518227,N,Y,29.6834942,-95.554387
PAST SALE,January-24-2019,Single Family Residential,8910 Grape St,Houston,TX,77036,225000,4,2.0,Sharpstown Country Club Terrac,1710,7440,1967,859,132,,Sold,,,http://www.redfin.com/TX/Houston/8910-Grape-St-77036/home/34588987,HARMLS,80611943,N,Y,29.6883191,-95.5409554
PAST SALE,October-25-2018,Condo/Co-op,8356 Jorine Dr #8356,Houston,TX,77036,58500,2,2.0,Jorine T/h Condo Ph 01,1024,64174,1979,950,57,310,Sold,,,http://www.redfin.com/TX/Houston/8356-Jorine-Dr-77036/unit-8356/home/30425790,HARMLS,81991697,N,Y,29.686595,-95.542872
PAST SALE,May-30-2019,Condo/Co-op,9550 Deering Dr #103,Houston,TX,77036,38500,1,1.5,Westwood Center Sec 01,730,101944,1979,733,53,225,Sold,,,http://www.redfin.com/TX/Houston/9550-Deering-Dr-77036/unit-103/home/30463046,HARMLS,53358509,N,Y,29.6790627,-95.5520817
PAST SALE,June-27-2019,Townhouse,9550 Deering Dr #510,Houston,TX,77036,23500,1,1.5,Vineyard T/h Condo,730,101944,1979,705,32,225,Sold,,,http://www.redfin.com/TX/Houston/9550-Deering-Dr-77036/unit-510/home/30463028,HARMLS,33195263,N,Y,29.6790627,-95.5520817
PAST SALE,July-25-2018,Townhouse,9803 S Club Creek Drive Dr S #0171,Alief,TX,77036,55000,2,2.5,Pradera Condo PH 1,1169,,1984,1042,47,207,Sold,,,http://www.redfin.com/TX/Houston/9803-Club-Creek-Dr-77036/unit-171/home/30481351,HARMLS,25001475,N,Y,29.67953,-95.549497
PAST SALE,December-24-2019,Townhouse,8318 Augustine Dr #28,Houston,TX,77036,89999,2,2.5,Greenview T/h Condo,1229,143086,1979,525,73,486,Sold,,,http://www.redfin.com/TX/Houston/8318-Augustine-Dr-77036/unit-28/home/30481312,HARMLS,69273695,N,Y,29.6864524,-95.5388777
PAST SALE,August-20-2020,Condo/Co-op,9803 Club Creek Dr #38,Houston,TX,77036,29950,1,1.5,Pradera T/h Condo Ph 02,980,70919,1983,285,31,145,Sold,,,http://www.redfin.com/TX/Houston/9803-Club-Creek-Dr-77036/unit-38/home/30574538,HARMLS,10073026,N,Y,29.679788,-95.550298
PAST SALE,December-12-2019,Townhouse,9222 Beechnut St,Houston,TX,77036,150000,3,2.5,Westwood Village Sec 01,2160,1798,1977,537,69,235,Sold,,,http://www.redfin.com/TX/Houston/9222-Beechnut-St-77036/home/30325537,HARMLS,86277065,N,Y,29.690913,-95.5477113
PAST SALE,March-16-2020,Single Family Residential,7127 Walkway St,Houston,TX,77036,290000,3,2.5,Sharpstown Sec 05,1846,6440,1963,442,157,250,Sold,,,http://www.redfin.com/TX/Houston/7127-Walkway-St-77036/home/30133385,HARMLS,67019820,N,Y,29.7014321,-95.5229162
PAST SALE,May-12-2021,Single Family Residential,7806 Edgemoor Dr,Houston,TX,77036,299900,3,2.0,Sharpstown Sec 05,1702,7535,1962,20,176,,Sold,,,http://www.redfin.com/TX/Houston/7806-Edgemoor-Dr-77036/home/30133370,HARMLS,59760674,N,Y,29.7035473,-95.5230392
PAST SALE,November-14-2018,Single Family Residential,7134 Tours St,Houston,TX,77036,214900,3,2.0,Sharpstown Sec 05,1583,8880,1964,930,136,21,Sold,,,http://www.redfin.com/TX/Houston/7134-Tours-St-77036/home/30133466,HARMLS,37922978,N,Y,29.7016431,-95.524351
PAST SALE,December-11-2020,Single Family Residential,8114 Leader St,Houston,TX,77036,265000,4,2.0,Sharpstown Country Club Terrace,2028,9573,1962,172,131,21,Sold,,,http://www.redfin.com/TX/Houston/8114-Leader-St-77036/home/30133942,HARMLS,20363106,N,Y,29.7042556,-95.5287784
PAST SALE,July-2-2019,Single Family Residential,7627 Barberton Dr,Houston,TX,77036,175000,3,2.0,Sharpstown Sec 05,1566,9803,1962,700,112,,Sold,,,http://www.redfin.com/TX/Houston/7627-Barberton-Dr-77036/home/30134052,HARMLS,5050134,N,Y,29.6975968,-95.5218504
PAST SALE,October-2-2018,Single Family Residential,8118 Neff St,Houston,TX,77036,260000,3,2.0,Sharpstown Country Club Terrac,2105,9472,1963,973,124,,Sold,,,http://www.redfin.com/TX/Houston/8118-Neff-St-77036/home/30161908,HARMLS,57582083,N,Y,29.7016775,-95.5289423
PAST SALE,March-22-2019,Single Family Residential,8119 Edgemoor Dr,Houston,TX,77036,225000,3,2.0,Sharpstown Country Club Terrac,1827,9344,1963,802,123,19,Sold,,,http://www.redfin.com/TX/Houston/8119-Edgemoor-Dr-77036/home/30162008,HARMLS,29704251,N,Y,29.702984,-95.5289833
PAST SALE,April-22-2021,Single Family Residential,7902 Neff St,Houston,TX,77036,275000,4,2.0,Sharpstown Country Club Terrac,2840,9073,1963,40,97,,Sold,,,http://www.redfin.com/TX/Houston/7902-Neff-St-77036/home/30162070,HARMLS,43691193,N,Y,29.7019362,-95.5254373
PAST SALE,August-10-2018,Single Family Residential,7906 Roos Rd,Houston,TX,77036,220000,4,2.0,Sharpstown Cc Terrace Sec 02,2336,9075,1965,1026,94,,Sold,,,http://www.redfin.com/TX/Houston/7906-Roos-Rd-77036/home/30162501,HARMLS,64387209,N,Y,29.70019,-95.5256627
PAST SALE,December-18-2020,Single Family Residential,8106 Sharpcrest St,Houston,TX,77036,250000,3,2.0,Sharpstown Country Club Terrace,1710,8142,1965,165,146,13,Sold,,,http://www.redfin.com/TX/Houston/8106-Sharpcrest-St-77036/home/30162648,HARMLS,2634486,N,Y,29.6959908,-95.5279174
PAST SALE,August-31-2020,Single Family Residential,7731 Kensico Rd,Houston,TX,77036,228000,3,2.0,Sharpstown Country Club Terrac,1656,7566,1964,274,138,,Sold,,,http://www.redfin.com/TX/Houston/7731-Kensico-Rd-77036/home/30162788,HARMLS,18952981,N,Y,29.696867,-95.5252938
PAST SALE,March-1-2019,Single Family Residential,7719 Kensico Rd,Houston,TX,77036,210000,3,2.0,Sharpstown Cc Terrace Sec 02,1769,7440,1964,823,119,21,Sold,,,http://www.redfin.com/TX/Houston/7719-Kensico-Rd-77036/home/30162790,HARMLS,91541263,N,Y,29.6972467,-95.5248429
PAST SALE,June-21-2019,Single Family Residential,8038 Carvel Ln,Houston,TX,77036,250000,4,2.0,Sharpstown Country Club Terrac,1783,8400,1966,711,140,33,Sold,,,http://www.redfin.com/TX/Houston/8038-Carvel-Ln-77036/home/30162815,HARMLS,16777857,N,Y,29.6968446,-95.5279994
PAST SALE,November-21-2019,Condo/Co-op,6001 Reims Rd #705,Houston,TX,77036,64900,2,1.0,Silverfield Condo Ph 01,917,142188,1979,558,71,240,Sold,,,http://www.redfin.com/TX/Houston/6001-Reims-Rd-77036/unit-705/home/30483138,HARMLS,88869117,N,Y,29.7154363,-95.5151888
PAST SALE,November-21-2019,Single Family Residential,7719 Romney Rd,Houston,TX,77036,213900,5,2.0,Sharpstown Country Club Terrace,2069,8760,1964,558,103,21,Sold,,,http://www.redfin.com/TX/Houston/7719-Romney-Rd-77036/home/30162845,HARMLS,46940026,N,Y,29.6965705,-95.5242895
PAST SALE,January-13-2020,Single Family Residential,8402 Hazen St,Houston,TX,77036,225000,4,2.5,Sharpstown Country Club Terrac,2546,8925,1972,505,88,10,Sold,,,http://www.redfin.com/TX/Houston/8402-Hazen-St-77036/home/30162991,HARMLS,12618635,N,Y,29.6933497,-95.5328371
PAST SALE,February-1-2019,Single Family Residential,8214 Hazen St,Houston,TX,77036,208000,4,2.0,Sharpstown Country Club Terrac,2353,7670,1966,851,88,21,Sold,,,http://www.redfin.com/TX/Houston/8214-Hazen-St-77036/home/30163120,HARMLS,67424737,N,Y,29.6937,-95.5298443
PAST SALE,January-5-2018,Single Family Residential,8202 Concho St,Houston,TX,77036,229900,3,2.0,Sharpstown Cc Terrace Sec 02,1752,8142,1965,1243,131,,Sold,,,http://www.redfin.com/TX/Houston/8202-Concho-St-77036/home/30163357,HARMLS,77225834,N,Y,29.6944942,-95.5291883
PAST SALE,,Condo/Co-op,9350 Country Creek Dr #15,Houston,TX,77036,,1,1.0,,738,,1979,,,,Sold,,,http://www.redfin.com/TX/Houston/9350-Country-Creek-St-77036/unit-15/home/30490652,HARMLS,,N,Y,29.6783729,-95.5495465
PAST SALE,April-24-2017,Single Family Residential,9423 Leader St,Houston,TX,77036,197500,3,2.0,Sharpstown Country Club Terr,1755,7800,1972,1499,113,,Sold,,,http://www.redfin.com/TX/Houston/9423-Leader-St-77036/home/30163258,HARMLS,39745134,N,Y,29.7036569,-95.549608
PAST SALE,November-17-2017,Single Family Residential,7207 Augustine Dr,Houston,TX,77036,155900,3,2.0,Sharpstown Country Club Terr,1584,9000,1967,1292,98,375,Sold,,,http://www.redfin.com/TX/Houston/7207-Augustine-Dr-77036/home/30163395,HARMLS,60617294,N,Y,29.7009314,-95.5387207
PAST SALE,,Townhouse,7527 Bellerive Dr #10,Houston,TX,77036,,2,2.0,,1577,,1967,,,,Sold,,,http://www.redfin.com/TX/Houston/7527-Bellerive-Dr-77036/unit-10/home/30226700,HARMLS,,N,Y,29.7127938,-95.5173723
PAST SALE,September-21-2017,Townhouse,9228 Beechnut St,Houston,TX,77036,129900,3,2.5,Westwood Village Sec 01,2112,1936,1977,1349,62,230,Sold,,,http://www.redfin.com/TX/Houston/9228-Beechnut-St-77036/home/30325536,HARMLS,27336749,N,Y,29.6907782,-95.5479676
PAST SALE,March-15-2018,Single Family Residential,8218 Golf Green Cir,Houston,TX,77036,220000,4,2.5,Golf Green Garden Homes,2078,3040,1998,1174,106,51,Sold,,,http://www.redfin.com/TX/Houston/8218-Golf-Green-Cir-77036/home/30677888,HARMLS,19422806,N,Y,29.7118429,-95.5264006
PAST SALE,July-11-2017,Condo/Co-op,6311 Fondren Rd Unit B,Houston,TX,77036,49900,2,2.0,Fondren Bend Condo,863,,1964,1421,58,408,Sold,,,http://www.redfin.com/TX/Houston/6311-Fondren-Rd-77036/unit-B/home/30359713,HARMLS,20016108,N,Y,29.710739,-95.5209859
PAST SALE,July-27-2017,Condo/Co-op,6403 Fondren Rd #12,Houston,TX,77036,60000,2,1.5,Fondren Bend Condo,904,,1964,1405,66,415,Sold,,,http://www.redfin.com/TX/Houston/6403-Fondren-Rd-77036/home/30359725,HARMLS,56574874,N,Y,29.7104724,-95.5210922
PAST SALE,July-9-2018,Townhouse,8577 Sands Point Dr #101,Houston,TX,77036,59900,1,1.0,Townhomes On Park Ph 02,735,89052,1982,1058,81,260,Sold,,,http://www.redfin.com/TX/Houston/8577-Sands-Point-Dr-77036/unit-101/home/30525078,HARMLS,7089119,N,Y,29.71424,-95.533256
PAST SALE,February-24-2020,Condo/Co-op,7520 Hornwood Dr #507,Houston,TX,77036,70000,2,2.0,Sussex Condo West,871,95311,1966,463,80,330,Sold,,,http://www.redfin.com/TX/Houston/7520-Hornwood-Dr-77036/unit-507/home/109028191,HARMLS,90271901,N,Y,29.7111088,-95.517485
PAST SALE,April-2-2018,Townhouse,6000 Reims Rd #2001,Houston,TX,77036,139900,2,2.5,Galleria Diplomat T/h,1640,518313,1984,1156,85,360,Sold,,,http://www.redfin.com/TX/Houston/6000-Reims-Rd-77036/unit-2001/home/30589279,HARMLS,95734720,N,Y,29.7154252,-95.5170723
